return,steps,success,coverage,mean_uncertainty,defects_found,defects_total,false_positives,miou,energy_used
5.294636331498623,3,1.0,0.078125,0.9562126994132996,1,26,1,0.013445008546113968,0.02400000000000002
5.164660111069679,2,1.0,0.078125,0.9545933604240417,2,26,0,0.05834042653441429,0.016000000000000014
5.279641211032867,3,1.0,0.078125,0.9467172622680664,0,26,0,0.0,0.02400000000000002
5.221170544624329,2,1.0,0.078125,0.9419831037521362,0,26,0,0.0,0.016000000000000014
5.508597664535046,4,1.0,0.078125,0.9498248100280762,1,26,0,0.03340201452374458,0.03200000000000003
5.302947096526623,4,1.0,0.078125,0.9460875988006592,0,26,0,0.0,0.03200000000000003
5.345859587192535,2,1.0,0.078125,0.9493372440338135,0,26,0,0.0,0.016000000000000014
5.374553062021732,4,1.0,0.078125,0.9425435662269592,0,26,0,0.0,0.03200000000000003
5.173713408410549,3,1.0,0.078125,0.939264178276062,0,26,0,0.0,0.02400000000000002
5.405530117452145,3,1.0,0.078125,0.949892520904541,2,26,0,0.06814517080783844,0.02400000000000002
5.3285113126039505,4,1.0,0.078125,0.9568971395492554,2,26,0,0.05081596598029137,0.03200000000000003
5.268757000565529,2,1.0,0.078125,0.9396001100540161,0,26,0,0.0,0.016000000000000014
5.425554469227791,4,1.0,0.078125,0.9573268294334412,1,26,0,0.012877651490271091,0.03200000000000003
5.2401479333639145,3,1.0,0.078125,0.9433753490447998,0,26,0,0.0,0.02400000000000002
5.362729974091053,4,1.0,0.078125,0.9607317447662354,2,26,0,0.03318671137094498,0.03200000000000003
5.470819309353828,4,1.0,0.078125,0.9416654109954834,1,26,0,0.03168417513370514,0.03200000000000003
5.385125130414963,4,1.0,0.078125,0.9448853731155396,1,26,0,0.0012084909249097109,0.03200000000000003
5.5267321318387985,4,1.0,0.078125,0.9492737054824829,0,26,1,0.0,0.03200000000000003
5.190619461238384,3,1.0,0.078125,0.9572055339813232,0,26,1,0.0,0.02400000000000002
5.361313670873642,4,1.0,0.078125,0.9536354541778564,1,26,0,0.005674653220921755,0.03200000000000003
