#{"t_start": 1790495032.309367, "env_id": "None"}
r,l,t,coverage,mean_uncertainty,defects_found,miou,energy_used,success
-0.048,4,0.119516,0.0703125,0.9544803165226462,1,0.031191334502310316,0.09600000000000009,True
0.0,1,0.132711,0.0703125,0.9676531222999363,2,0.019721780026596167,0.0,True
0.0,1,0.143361,0.0703125,0.9673580371223189,1,0.012917003487689465,0.0,True
0.0,1,0.153127,0.0703125,0.9656443602425872,0,0.00839102574829773,0.0,True
0.0,1,0.163764,0.0703125,0.9697887969293637,2,0.028242833381786656,0.0,True
0.0,1,0.295062,0.0703125,0.9669057403288472,1,0.009582123982362535,0.0,True
9.95,3,0.325454,0.265625,0.8398325186842702,7,0.17365437260270708,0.10000000000000009,True
1.955,3,0.359405,0.1484375,0.9097580602066588,3,0.09798669572041495,0.09000000000000008,True
5.939,5,0.408395,0.1875,0.8838631463647787,3,0.10316042503872244,0.12200000000000011,True
-0.016,2,0.426911,0.0703125,0.9602901251811031,0,0.0,0.03200000000000003,True
7.922,5,0.496596,0.265625,0.8251361134108656,4,0.0949571839422935,0.15600000000000014,True
23.868,8,0.611084,0.75,0.5415108286087551,15,0.3851653874612262,0.26400000000000023,True
1.984,2,0.630994,0.0703125,0.9619706905954999,1,0.04077469405015263,0.03200000000000003,True
33.865,9,0.797275,0.96875,0.429736396050897,17,0.4765238307514141,0.27000000000000024,True
1.959,3,0.85233,0.1484375,0.9030384905537425,2,0.047708832214371326,0.08200000000000007,True
35.52,34,1.419453,1.0,0.26956750934022616,21,0.6296486164015757,0.9600000000000007,True
3.975,2,1.454647,0.1484375,0.9071306325198032,2,0.05462820344724385,0.050000000000000044,True
49.588,28,1.972336,1.0,0.2546531578707816,26,0.6446237900593272,0.8240000000000007,True
37.823,11,2.17858,0.9375,0.4270603372723382,19,0.4824633983022044,0.3540000000000003,True
33.5,38,2.899038,1.0,0.2561789491490147,24,0.6304684283853785,1.0000000000000009,False
47.643,26,3.412824,1.0,0.2812817174576448,24,0.5874459800864374,0.7140000000000006,True
43.727,18,3.68162,1.0,0.31010800178165576,22,0.5692720421319828,0.5460000000000005,True
35.4995,38,4.265799,1.0,0.25417513405007996,23,0.6289772861655154,1.0010000000000008,False
37.795,12,4.453319,0.9921875,0.39002566460606997,24,0.5084637882202266,0.41000000000000036,True
33.4985,39,5.073262,1.0,0.2618688160859659,23,0.6071946623841099,1.0030000000000008,False
47.54,32,5.581214,1.0,0.25268846756954055,25,0.6182313886042021,0.9200000000000007,True
39.498,39,6.201521,1.0,0.23625714661691016,25,0.6442686793250523,1.004000000000001,False
29.4995,38,6.785857,0.9921875,0.26002819357810236,22,0.6259780022222372,1.0010000000000008,False
27.4995,37,7.381737,1.0,0.3153118832879798,21,0.5481285078016489,1.0010000000000008,False
33.488,39,7.998301,1.0,0.22396408551076769,24,0.6415615175656637,1.024000000000001,False
35.499,38,8.580977,1.0,0.23198836271717221,23,0.6404195960196355,1.002000000000001,False
35.5,39,9.208522,1.0,0.23627256834340615,25,0.6352923412858877,1.0000000000000009,False
33.498,39,9.833535,1.0,0.212076299174355,22,0.6540117588945125,1.004000000000001,False
35.5,39,10.468644,1.0,0.23877577569970165,23,0.6272403428151059,1.0000000000000009,False
35.5,38,11.131339,1.0,0.22052120836042965,25,0.6634652275692677,1.0000000000000009,False
33.5,39,11.722572,1.0,0.25276497790852936,23,0.626167187478173,1.0000000000000009,False
35.498,39,12.359631,1.0,0.24091876895675635,25,0.6121319466616989,1.004000000000001,False
33.5,38,12.951493,1.0,0.23697104128470758,23,0.6176477802927877,1.0000000000000009,False
31.498,38,13.642382,1.0,0.24599646692152827,23,0.6290521152125519,1.004000000000001,False
35.499,38,14.378875,1.0,0.28405404504941545,24,0.5675579003255042,1.002000000000001,False
27.499,38,15.130122,1.0,0.25705144262633506,20,0.6221055579291619,1.002000000000001,False
37.498,39,15.920621,1.0,0.2891159221401521,24,0.5716514892222997,1.004000000000001,False
35.5,38,16.709914,1.0,0.25290886417571534,25,0.6320842117606336,1.0000000000000009,False
33.5,38,17.530934,1.0,0.22579842437379394,24,0.6325836488614378,1.0000000000000009,False
33.499,39,18.158796,1.0,0.23544128248580692,22,0.6259729576710364,1.002000000000001,False
37.5,38,18.7943,1.0,0.2671313859689632,24,0.5645346796425577,1.0000000000000009,False
31.5,38,19.40176,1.0,0.2633269571393167,21,0.5956985461534284,1.0000000000000009,False
37.5,38,20.03246,1.0,0.2477034019513744,25,0.6299897992175016,1.0000000000000009,False
35.5,38,20.661648,1.0,0.23011103080579903,24,0.6140919655545172,1.0000000000000009,False
35.499,38,21.27683,1.0,0.23571954563526937,26,0.6162013973605848,1.002000000000001,False
33.5,38,23.572907,1.0,0.22812189718873588,23,0.6335605538915658,1.0000000000000009,False
35.498,38,24.186966,1.0,0.25152612572060484,24,0.6094422649422261,1.004000000000001,False
37.498,39,24.797381,1.0,0.24905882996479223,25,0.612863851266751,1.004000000000001,False
39.5,39,25.388345,1.0,0.20955731447381176,25,0.6280665794690551,1.0000000000000009,False
37.5,39,26.024298,1.0,0.24789152863594047,25,0.6458768628053685,1.0000000000000009,False
37.5,38,26.645254,1.0,0.24208717022126813,25,0.6202812558495162,1.0000000000000009,False
33.498,38,27.252267,1.0,0.27947146664957745,22,0.6217093497176115,1.004000000000001,False
29.5,38,28.003791,1.0,0.25172667161809387,21,0.6090404104453232,1.0000000000000009,False
37.5,38,28.741551,1.0,0.2185199998330477,26,0.6441245370403161,1.0000000000000009,False
35.4985,39,29.554646,1.0,0.24198748142806925,24,0.6515182135134364,1.0030000000000008,False
35.5,39,30.347583,1.0,0.2364445452376835,24,0.6202996424318996,1.0000000000000009,False
33.858,9,30.512456,0.9375,0.43754796608833235,17,0.4238635511038786,0.28400000000000025,True
31.5,38,31.27575,1.0,0.2378637076195544,23,0.6166704234078628,1.0000000000000009,False
11.9,5,31.386556,0.6015625,0.6439820700689627,6,0.14097124300242328,0.20000000000000007,True
35.4965,38,32.096637,1.0,0.24141444519685068,24,0.6437192701922467,1.0070000000000008,False
39.498,38,32.720902,1.0,0.25216899573731194,25,0.6106355045069922,1.004000000000001,False
37.69,22,33.07308,1.0,0.34690187978384995,22,0.5246597837296287,0.6200000000000006,True
41.5,38,33.6841,1.0,0.23754832276265428,26,0.6397395482872053,1.0000000000000009,False
39.77,15,33.912292,1.0,0.3735832128021604,21,0.5121570884349009,0.4600000000000004,True
41.5,39,34.534529,1.0,0.25828984568905455,26,0.6275555949831266,1.0000000000000009,False
27.5,38,35.133499,1.0,0.2671319943496967,21,0.593661065526719,1.0000000000000009,False
35.665,23,35.509178,1.0,0.31624131284877427,20,0.5571278576797106,0.6700000000000006,True
33.803,14,35.710654,1.0,0.388052378668012,17,0.4513682895385802,0.39400000000000035,True
33.5,38,36.308782,1.0,0.2453866344042176,23,0.621087182413866,1.0000000000000009,False
31.5,38,36.888545,1.0,0.2229029290193804,22,0.6264286869328306,1.0000000000000009,False
33.499,38,37.490873,1.0,0.3231849089042659,22,0.5422318687313424,1.002000000000001,False
49.684,21,37.829416,1.0,0.29278330321108487,25,0.5792478942669075,0.6320000000000006,True
33.754,14,38.043946,1.0,0.350589498387018,19,0.49932172746291636,0.4920000000000003,True
29.785,15,38.28504,0.984375,0.3975723956303828,15,0.4753299544199049,0.4300000000000004,True
47.52,34,38.83075,1.0,0.3366134316324051,24,0.48016506712109874,0.9600000000000007,True
43.692,20,39.139339,1.0,0.34096850958018377,24,0.5423292527667117,0.6160000000000004,True
23.89,6,39.23317,0.640625,0.6120793292044472,12,0.3204797215105152,0.22000000000000008,True
43.51,35,39.778937,1.0,0.29011028166947966,23,0.5401456865759374,0.9800000000000009,True
43.575,32,40.262159,1.0,0.27557156091647117,24,0.5902753477660592,0.8500000000000008,True
31.4965,38,40.853853,1.0,0.27520218753215675,23,0.5941353044405419,1.0070000000000008,False
41.498,39,41.494575,1.0,0.2403688748600245,26,0.6412837058687307,1.004000000000001,False
31.652,24,41.892099,1.0,0.3511004734625579,17,0.5303870425563298,0.6960000000000006,True
19.925,4,41.968792,0.375,0.7684872719590007,12,0.23067123001024126,0.15000000000000013,True
45.518,35,42.656403,1.0,0.2694757401443847,23,0.5742470178504282,0.9640000000000009,True
39.708,21,43.05133,1.0,0.3046328940507863,20,0.5769722435667496,0.5840000000000005,True
5.975,2,43.090209,0.140625,0.9140189171926069,3,0.06860088693314623,0.050000000000000044,True
47.54,33,43.762091,0.9921875,0.28349916391665475,25,0.6150821663131871,0.9200000000000007,True
37.749,17,44.08308,1.0,0.33008287051217927,20,0.5454421861375297,0.5020000000000004,True
47.503,37,46.772148,1.0,0.23904455548325299,25,0.5872561103847516,0.9940000000000008,True
41.8,13,46.996721,1.0,0.364853751624459,22,0.5205453500697099,0.40000000000000036,True
37.79,14,47.214324,1.0,0.3318465199478295,20,0.5158395307105312,0.4200000000000004,True
37.735,18,47.48519,1.0,0.3694975946563962,21,0.46201147719865976,0.5300000000000005,True
43.655,23,47.83107,1.0,0.269737588660778,23,0.5734342797274162,0.6900000000000005,True
47.656,22,48.17944,1.0,0.34539857773488114,24,0.57081878297501,0.6880000000000005,True
37.601,28,48.597273,1.0,0.3039891359513179,20,0.5752589515821118,0.7980000000000007,True
33.84,10,48.751645,1.0,0.3999801673220681,17,0.47199287647852733,0.3200000000000003,True
47.727,20,49.070814,1.0,0.29212820533831624,24,0.5746968616116171,0.5460000000000005,True
41.76,15,49.307008,1.0,0.3673209811201521,22,0.48356337773029945,0.4800000000000003,True
43.634,27,49.737006,1.0,0.28892950004106516,23,0.5981553802996058,0.7320000000000007,True
47.583,31,50.221473,1.0,0.2727063302622218,24,0.5885464651349591,0.8340000000000007,True
29.855,9,50.367826,0.90625,0.4493742646764295,15,0.35719137580564736,0.29000000000000026,True
43.665,23,50.735502,1.0,0.26146323327906457,23,0.6171779250541248,0.6700000000000006,True
45.658,23,51.094145,1.0,0.3030697667927552,23,0.6171356107624651,0.6840000000000006,True
35.775,16,51.343492,0.9921875,0.38245268268431143,20,0.47498352145918904,0.4500000000000004,True
47.601,27,51.745501,1.0,0.26307757235095014,25,0.6340875619518289,0.7980000000000006,True
31.87,8,51.860307,0.9375,0.4569784833325686,20,0.436302052949178,0.26000000000000023,True
41.62,26,52.285849,1.0,0.27882992057548195,22,0.5843670612266932,0.7600000000000007,True
33.865,8,52.40711,0.875,0.4803602813249451,18,0.45277628144767973,0.27000000000000024,True
49.76,16,52.670643,1.0,0.3157205808345394,25,0.5609699694913273,0.4800000000000004,True
43.743,18,52.933095,1.0,0.30717338249659687,24,0.574159044055042,0.5140000000000005,True
43.742,18,53.237329,1.0,0.3069143970898618,24,0.5559719536198426,0.5160000000000005,True
49.602,29,53.679754,1.0,0.27019831855546905,25,0.6057510720534205,0.7960000000000007,True
33.8,14,53.893776,0.9921875,0.3867220833501899,17,0.4931745903197082,0.40000000000000036,True
37.825,11,54.085464,0.984375,0.3911520700668277,20,0.4090374239703595,0.3500000000000003,True
35.83,11,54.254613,0.9765625,0.3995584850044718,21,0.47292234050600396,0.3400000000000003,True
39.79,12,54.435889,1.0,0.35989212647058333,22,0.5203175509684014,0.42000000000000026,True
45.835,10,54.588012,1.0,0.40015138171295955,23,0.4561846662982785,0.3300000000000003,True
45.76,16,54.835628,1.0,0.30772030932384775,24,0.5407864860959397,0.4800000000000004,True
37.71,19,55.122969,1.0,0.3609415150958273,22,0.4964942757283154,0.5800000000000005,True
41.7,21,55.459345,1.0,0.3228129518725391,22,0.5537510150064763,0.6000000000000005,True
39.73,18,55.736916,0.9921875,0.30733938327829013,20,0.5481046195024664,0.5400000000000005,True
49.582,28,56.215521,1.0,0.26307324069186006,26,0.6272058752529801,0.8360000000000007,True
37.76,15,56.500732,1.0,0.3171225247490399,19,0.5236235621339429,0.4800000000000004,True
43.666,23,56.941597,1.0,0.2989262777021834,23,0.5453441384265574,0.6680000000000006,True
37.637,25,57.420625,1.0,0.2714711373784485,22,0.5885501077296488,0.7260000000000006,True
45.673,22,57.866156,1.0,0.3145658982899912,23,0.5571721359414842,0.6540000000000006,True
31.875,8,58.025514,0.8984375,0.46572868339751483,17,0.42847239297716005,0.2500000000000002,True
47.7,22,58.454981,1.0,0.31343428132320267,25,0.538698064102867,0.6000000000000005,True
45.709,19,58.794559,0.9921875,0.30514954326720534,23,0.5450322982112045,0.5820000000000005,True
33.82,11,59.001967,1.0,0.3769979009737005,18,0.4699608626475534,0.3600000000000003,True
43.54,32,59.621712,1.0,0.35314332564395773,22,0.49132003205817487,0.9200000000000007,True
45.709,20,60.029217,1.0,0.28421297835337755,23,0.619153329398586,0.5820000000000005,True
39.674,24,60.450795,1.0,0.2806107208299935,22,0.6098339770176182,0.6520000000000006,True
37.69,21,60.795013,1.0,0.28647051965515646,22,0.5791124817037462,0.6200000000000006,True
45.7,19,61.077278,1.0,0.2980149033726023,23,0.5544926303409322,0.6000000000000004,True
37.785,12,61.262383,1.0,0.3708970801240816,19,0.4909775290619208,0.43000000000000027,True
41.602,27,61.668715,1.0,0.2613417078204956,22,0.6294905494145477,0.7960000000000007,True
41.755,16,61.910046,1.0,0.34831088858998416,24,0.5279087299523305,0.4900000000000003,True
35.74,16,62.164089,1.0,0.3168128554486328,20,0.5462606584802915,0.5200000000000005,True
43.729,19,62.458111,1.0,0.29276989589668423,23,0.5782066293412705,0.5420000000000005,True
43.72,20,62.76824,0.9921875,0.35681289518402937,22,0.511392440439361,0.5600000000000005,True
41.569,31,63.279379,1.0,0.26153865700545176,22,0.6359075913070645,0.8620000000000008,True
39.733,20,63.594201,1.0,0.28942107197159334,22,0.5694655460002372,0.5340000000000005,True
43.554,33,64.111457,1.0,0.24060438023906533,22,0.6441655858942779,0.8920000000000008,True
35.5,38,64.710781,1.0,0.25200471597912977,23,0.596391738193403,1.0000000000000009,False
47.714,19,65.011384,1.0,0.3073778295842076,24,0.5639703995462474,0.5720000000000005,True
35.842,11,65.178536,0.9921875,0.3924577248596445,19,0.4783512186462768,0.3160000000000003,True
31.695,21,65.506596,1.0,0.2941183691063574,19,0.5874076820203432,0.6100000000000005,True
45.502,37,66.094413,1.0,0.25808920668180346,25,0.6205966105288557,0.9960000000000009,True
49.609,28,66.533032,1.0,0.3082182733118728,25,0.5701268181066995,0.7820000000000007,True
37.74,19,68.471971,1.0,0.3041801308746818,20,0.5573860176036212,0.5200000000000005,True
41.54,32,68.995008,1.0,0.33778813735081403,23,0.5536584302241698,0.9200000000000007,True
49.705,20,69.301567,1.0,0.2860115678198104,26,0.5761032631083284,0.5900000000000005,True
45.58,29,69.750534,1.0,0.27010230478620845,25,0.6066314065649754,0.8400000000000006,True
41.568,29,70.231016,1.0,0.2814126487826524,23,0.6176273857126222,0.8640000000000007,True
47.7,19,70.616537,1.0,0.30051289878531834,24,0.5792057227461712,0.6000000000000005,True
47.584,31,71.228289,1.0,0.280657772405115,24,0.5757238073116402,0.8320000000000007,True
45.665,25,71.696693,1.0,0.25530570961746046,23,0.6377433127352694,0.6700000000000006,True
41.695,20,72.146098,1.0,0.29274029210923885,22,0.5962140997880199,0.6100000000000005,True
41.71,20,72.533837,1.0,0.3027552611565092,22,0.558872362286632,0.5800000000000005,True
29.565,30,73.092859,1.0,0.3493907287491108,16,0.4994212647672835,0.8700000000000007,True
37.583,30,73.714652,1.0,0.2547430444182026,21,0.6208292737773626,0.8340000000000007,True
47.578,30,74.331856,1.0,0.2720072834893934,25,0.5864488321161272,0.8440000000000007,True
47.604,29,74.828885,1.0,0.28391028241589056,24,0.5910695863235333,0.7920000000000007,True
49.594,28,75.250493,1.0,0.2842006573398248,25,0.5858944541552916,0.8120000000000007,True
39.579,30,75.728201,1.0,0.2881892338074979,21,0.6106626819768444,0.8420000000000007,True
43.705,22,76.054191,1.0,0.28751740096724276,22,0.5699623616088331,0.5900000000000005,True
41.585,31,76.537693,1.0,0.2844940896906551,21,0.5669085485568959,0.8300000000000007,True
39.599,28,76.980443,1.0,0.2925912916710163,21,0.586437495885815,0.8020000000000007,True
41.544,34,77.506618,1.0,0.2500532080324708,22,0.6291347787316466,0.9120000000000008,True
39.693,22,77.843705,1.0,0.2922015457787401,22,0.5524569283095354,0.6140000000000005,True
41.595,30,78.279836,1.0,0.2852696983758524,22,0.5603377363644741,0.8100000000000007,True
43.74,17,78.548803,1.0,0.3248227354209312,22,0.5571255420361323,0.5200000000000005,True
39.645,25,78.940253,1.0,0.30291595159444024,23,0.5648121121442623,0.7100000000000006,True
43.592,28,79.368237,1.0,0.3063958998947484,22,0.511596094550439,0.8160000000000006,True
23.58,30,79.851999,1.0,0.27232033615839435,17,0.6065900902611451,0.8400000000000007,True
45.66,26,80.243151,1.0,0.2839783416034216,24,0.578591703726668,0.6800000000000006,True
47.735,19,80.549015,0.9921875,0.2988644293044028,24,0.5668197743789575,0.5300000000000005,True
39.623,27,80.963948,1.0,0.281599911506354,23,0.5742537917641932,0.7540000000000007,True
33.494,36,81.515658,1.0,0.34506733397515643,23,0.5249643721729658,1.012000000000001,False
49.614,27,81.946224,1.0,0.28200143320481974,25,0.5800091849679399,0.7720000000000007,True
47.565,32,82.437573,1.0,0.23832633958668054,25,0.6602707129852413,0.8700000000000008,True
35.75,19,82.73675,1.0,0.2999717564876413,21,0.5557720028803721,0.5000000000000004,True
43.56,32,83.229615,1.0,0.2884966596196104,23,0.5979435051199801,0.8800000000000008,True
41.705,22,83.572587,1.0,0.28673772496842287,22,0.6043364954049942,0.5900000000000005,True
41.515,34,84.139807,1.0,0.2577363147461468,23,0.6276575641266265,0.9700000000000008,True
37.68,23,84.495856,1.0,0.30498776547350626,21,0.528617493820063,0.6400000000000006,True
37.518,36,85.23395,0.9921875,0.3141687180659425,21,0.5139898421470952,0.9640000000000009,True
45.635,26,85.738627,1.0,0.2662575659188564,25,0.6156737818648563,0.7300000000000006,True
45.609,28,86.309291,1.0,0.25010480383729417,23,0.5919145234759985,0.7820000000000007,True
47.615,29,86.880673,1.0,0.2438376484716182,25,0.6325110507419028,0.7700000000000007,True
43.624,28,87.401774,1.0,0.24756698037335728,23,0.6209401154240777,0.7520000000000007,True
43.715,19,87.744719,0.9921875,0.33826240396245577,22,0.5159484057110101,0.5700000000000005,True
45.583,31,88.379123,1.0,0.25292705411199634,23,0.591874814027167,0.8340000000000007,True
51.61,29,88.91512,1.0,0.2524775170620272,26,0.6503264207780367,0.7800000000000007,True
41.583,28,89.346744,1.0,0.2751317633506944,22,0.5810124678020505,0.8340000000000007,True
37.615,28,91.177732,1.0,0.3069276991345804,19,0.5765445690103819,0.7700000000000007,True
45.655,25,91.558458,1.0,0.2920887681515134,24,0.5807864653430475,0.6900000000000006,True
45.558,31,92.044192,1.0,0.2579415571045225,23,0.6199971115478983,0.8840000000000007,True
39.665,22,92.40306,1.0,0.3296742185129119,20,0.5474943346462644,0.6700000000000005,True
49.573,30,92.857089,1.0,0.2599656318788329,25,0.609006918212791,0.8540000000000008,True
39.75,18,93.1293,1.0,0.29303068019474365,22,0.5519967722845633,0.5000000000000004,True
39.69,23,93.496085,1.0,0.3040077349154468,20,0.5497186906314497,0.6200000000000006,True
39.605,24,93.879544,1.0,0.3025530751842166,21,0.5465323882545495,0.7900000000000007,True
35.635,25,94.271059,1.0,0.3336787688025053,20,0.5401787198213339,0.7300000000000006,True
39.545,32,94.769234,1.0,0.2927467890468711,22,0.5598017564740415,0.9100000000000007,True
39.62,27,95.187537,1.0,0.2922966951503279,21,0.5701444981053826,0.7600000000000007,True
47.507,35,95.758594,1.0,0.2637957001423897,25,0.5949844496765633,0.9860000000000008,True
49.62,26,96.167052,1.0,0.2797680353564347,25,0.6067317382965844,0.7600000000000007,True
37.715,20,96.490048,1.0,0.2893122135460963,22,0.5920712323826651,0.5700000000000005,True
51.545,31,96.965853,1.0,0.2552787756807572,26,0.6364586426358783,0.9100000000000007,True
41.615,29,97.417725,1.0,0.25342914435187747,23,0.6001268248108852,0.7700000000000007,True
47.554,31,97.873011,1.0,0.2723238963680249,25,0.6226826412532045,0.8920000000000007,True
45.539,35,98.408397,1.0,0.2880643079556776,23,0.5960468228646361,0.9220000000000008,True
43.535,34,98.998248,1.0,0.28004613865218514,23,0.623780137846543,0.9300000000000008,True
43.685,23,99.439151,1.0,0.2636058359747774,23,0.6057395768427298,0.6300000000000006,True
49.628,28,99.971557,1.0,0.257663001782083,25,0.6109407734311876,0.7440000000000007,True
47.589,30,100.555175,1.0,0.2917227056084747,24,0.603893559077457,0.8220000000000007,True
47.7,22,100.961577,1.0,0.2758387640729339,25,0.6105882416125441,0.6000000000000005,True
47.555,31,101.53377,1.0,0.23133793044000311,25,0.6502091686066309,0.8900000000000007,True
43.67,23,102.002985,1.0,0.2781020846075961,24,0.6064822960656563,0.6600000000000006,True
49.603,29,102.56465,1.0,0.24483521226068472,25,0.6420903485149416,0.7940000000000007,True
41.513,36,103.169813,1.0,0.2340372977578436,21,0.6338050867055505,0.9740000000000009,True
39.535,33,103.663926,1.0,0.2793850825936447,21,0.5919915353163041,0.9300000000000007,True
47.562,32,104.182375,1.0,0.2475975869951612,24,0.6352258876673693,0.8760000000000007,True
39.66,22,104.522941,1.0,0.3576041786539309,20,0.5325144916826412,0.6800000000000005,True
43.62,26,104.931549,1.0,0.2688570645577253,25,0.59248958851928,0.7600000000000006,True
45.643,27,105.338155,1.0,0.2507949518564177,24,0.620466504194199,0.7140000000000006,True
49.534,34,105.890714,1.0,0.26151603138375684,25,0.626115369484534,0.9320000000000008,True
49.604,27,106.282544,1.0,0.2568345471107695,26,0.6203340633382814,0.7920000000000007,True
37.558,31,106.742702,1.0,0.23817454841427455,20,0.6266929076208574,0.8840000000000008,True
47.735,19,107.045016,1.0,0.29353835700542996,24,0.5858884358587073,0.5300000000000005,True
37.498,35,107.567019,1.0,0.23798552768128728,24,0.6298477802754862,1.004000000000001,False
41.69,22,107.926073,1.0,0.3078900220154955,22,0.5724325554748592,0.6200000000000006,True
41.6,30,108.375421,1.0,0.25307453247353257,23,0.6161034732583524,0.8000000000000007,True
49.605,29,108.84385,1.0,0.26851848300425285,25,0.6166249936918962,0.7900000000000007,True
47.695,22,109.196316,1.0,0.28602284196359107,25,0.6075048422600458,0.6100000000000005,True
45.551,32,109.671735,1.0,0.2635314380182976,23,0.6187089817997692,0.8980000000000008,True
43.675,23,110.039961,1.0,0.26284779810300074,22,0.5795852933624454,0.6500000000000006,True
47.547,33,110.530174,0.9921875,0.25730445173382854,25,0.6131656092443376,0.9060000000000008,True
49.655,26,110.942499,1.0,0.24457188538536745,25,0.6028503691534044,0.6900000000000006,True
43.545,32,112.861897,0.9921875,0.2764475625863687,23,0.6114009374410788,0.9100000000000007,True
47.549,33,113.510006,1.0,0.2654879912409913,24,0.6034856200697567,0.9020000000000008,True
23.469,37,114.196139,1.0,0.3425772874414068,18,0.5404482343587176,1.0620000000000007,False
45.58,32,114.806544,1.0,0.26669568181142944,25,0.6391202721296428,0.8400000000000007,True
35.75,18,115.123948,1.0,0.29656837706090344,21,0.5731930922560546,0.5000000000000004,True
41.565,30,115.666286,1.0,0.255722206337351,24,0.6280622757542523,0.8700000000000008,True
45.615,27,116.189681,1.0,0.2765798054300905,23,0.6102123085895821,0.7700000000000007,True
45.635,27,116.720837,1.0,0.26263031270710935,24,0.5955498523245166,0.7300000000000006,True
45.631,28,117.175698,1.0,0.2526985763116006,23,0.6261953524101642,0.7380000000000007,True
49.645,26,117.583683,1.0,0.26771631281763586,26,0.6139378260427231,0.7100000000000006,True
39.675,22,117.917792,1.0,0.27679111087652797,22,0.5962571966325472,0.6500000000000006,True
43.59,28,118.354734,1.0,0.27222141501469066,23,0.5759484986663478,0.8200000000000007,True
45.655,25,118.740411,1.0,0.26806300311641507,23,0.6009489482657691,0.6900000000000006,True
47.638,28,119.137663,1.0,0.2940383376069451,24,0.5561801656860121,0.7240000000000006,True
39.665,24,119.49163,1.0,0.3007099035158986,21,0.5590499681897019,0.6700000000000006,True
43.604,30,119.939637,1.0,0.28940765016944525,22,0.6167954244733865,0.7920000000000007,True
49.551,33,120.41906,1.0,0.2458296718958372,25,0.6144072737642098,0.8980000000000008,True
47.61,30,120.888526,1.0,0.2660668169652838,24,0.6365191312276937,0.7800000000000007,True
43.618,29,121.301647,1.0,0.28043531452759846,23,0.5914319118164649,0.7640000000000007,True
43.595,27,121.728261,1.0,0.3353829323349844,23,0.5268000468347309,0.8100000000000006,True
31.62,26,122.122528,1.0,0.3500608429190057,17,0.5164285711042229,0.7600000000000007,True
47.57,30,122.575575,1.0,0.25465180944649707,24,0.6148938930901392,0.8600000000000008,True
45.645,26,122.986935,1.0,0.2869980703178223,24,0.6104142149692049,0.7100000000000006,True
47.67,23,123.335386,1.0,0.28689603012189074,24,0.5422025718953187,0.6600000000000006,True
43.615,29,123.791535,1.0,0.25573517580075844,25,0.6498152402643479,0.7700000000000007,True
43.553,31,124.253542,1.0,0.2520628348146589,23,0.6204577720662765,0.8940000000000007,True
49.58,31,124.727325,1.0,0.27049076494033275,25,0.6166675524911783,0.8400000000000007,True
47.574,32,125.20557,1.0,0.2470164413948321,24,0.6081901164604335,0.8520000000000008,True
39.655,26,125.616347,1.0,0.2541707244334974,22,0.6052193306545389,0.6900000000000006,True
43.635,26,126.028158,1.0,0.2829400745430459,23,0.5815753233575338,0.7300000000000006,True
41.63,27,126.418029,1.0,0.2509961878000259,23,0.5921040259331994,0.7400000000000007,True
43.643,27,126.829221,1.0,0.29528635319439894,23,0.5751262491843924,0.7140000000000006,True
45.66,23,127.270612,1.0,0.27077335726406876,25,0.5869084915107624,0.6800000000000005,True
45.633,27,127.788933,1.0,0.24406434421034356,25,0.5953590671415704,0.7340000000000007,True
49.67,25,128.27629,1.0,0.28970513546404125,25,0.5680654254520001,0.6600000000000006,True
37.6,28,128.848853,1.0,0.2622056209810769,20,0.6039598296322672,0.8000000000000007,True
45.543,32,129.52276,1.0,0.2778478565917082,25,0.6117417931945653,0.9140000000000008,True
47.578,32,130.181846,1.0,0.27816576623272793,26,0.5857314732746473,0.8440000000000007,True
49.525,33,130.875613,1.0,0.22487559025242423,26,0.621735020253607,0.9500000000000007,True
49.585,30,131.429734,1.0,0.2602314692018548,25,0.5896220318602834,0.8300000000000007,True
43.537,34,131.9766,1.0,0.3186427430841351,22,0.564220013680462,0.9260000000000008,True
37.515,34,132.522903,1.0,0.33951632928000985,20,0.5371228594984435,0.9700000000000008,True
39.555,31,133.013974,1.0,0.24601969285982106,22,0.592241347954276,0.8900000000000008,True
43.535,33,133.539269,1.0,0.24179749134581754,23,0.6499743790596509,0.9300000000000007,True
39.57,32,135.439074,1.0,0.24852174864292698,21,0.6360171286049863,0.8600000000000008,True
39.474,38,136.032874,1.0,0.26216169038434445,25,0.6166502549320984,1.052000000000001,False
43.51,36,136.653898,1.0,0.2505247282727569,24,0.6078790431688359,0.9800000000000009,True
41.555,34,137.198978,1.0,0.3000948567297934,22,0.556293169098135,0.8900000000000008,True
47.515,36,137.77199,1.0,0.26231087419535165,24,0.619636643176456,0.9700000000000009,True
35.499,36,138.319223,1.0,0.22033285776198575,25,0.6159638566689417,1.002000000000001,False
41.518,34,138.861981,1.0,0.3002195822138799,21,0.5737757946157562,0.9640000000000007,True
37.625,26,139.272652,1.0,0.25338900012307275,21,0.6095339945702594,0.7500000000000007,True
47.55,32,139.792702,1.0,0.2568541547084993,24,0.6208729350928348,0.9000000000000007,True
47.57,31,140.29265,1.0,0.24481242667869785,25,0.6444288519859058,0.8600000000000008,True
39.6,28,140.754904,1.0,0.28070445831263324,21,0.5720000217594119,0.8000000000000007,True
23.49,36,141.421061,1.0,0.3507503060692244,20,0.5193542419781552,1.020000000000001,False
41.67,24,141.904024,1.0,0.26695824893800313,22,0.6070742498254426,0.6600000000000006,True
47.565,31,142.493052,1.0,0.25481961662524855,24,0.6216704610911028,0.8700000000000008,True
45.595,29,143.126109,1.0,0.2405516099155136,24,0.6442976605031242,0.8100000000000007,True
43.554,31,143.735487,1.0,0.2826025061071887,23,0.5993766354599633,0.8920000000000007,True
45.623,28,144.256874,1.0,0.2405991767950606,24,0.627182331446684,0.7540000000000007,True
43.63,27,144.808242,1.0,0.24639371776291855,25,0.6356739383914065,0.7400000000000007,True
47.57,30,145.415261,1.0,0.2481703492680598,24,0.622837353609216,0.8600000000000008,True
41.544,33,145.930933,1.0,0.24662581656574534,22,0.5749357815584578,0.9120000000000008,True
45.635,28,146.344932,0.9921875,0.2987177570941957,23,0.5620219171606007,0.7300000000000006,True
39.572,30,146.802106,0.9921875,0.2807276324811121,22,0.614547002954342,0.8560000000000006,True
47.595,30,147.254333,1.0,0.26768141461995976,24,0.5897843517120663,0.8100000000000007,True
43.63,24,147.608642,1.0,0.3284410343644545,22,0.5368883139063688,0.7400000000000005,True
37.65,23,147.96786,1.0,0.2704184097720873,22,0.5805066535851245,0.7000000000000005,True
45.589,30,148.415303,1.0,0.29386646949626527,23,0.5827647433450879,0.8220000000000007,True
43.68,22,148.74729,1.0,0.2769350132692623,24,0.6100646556387678,0.6400000000000006,True
43.685,22,149.095389,1.0,0.27212648746202894,23,0.6054217599720962,0.6300000000000006,True
39.549,32,149.573177,1.0,0.34192664263506606,21,0.5371077009931201,0.9020000000000008,True
47.715,21,149.895405,1.0,0.289355577508986,24,0.6011091717345903,0.5700000000000005,True
43.64,27,150.307567,1.0,0.3018109767427297,23,0.5849041129570502,0.7200000000000006,True
45.67,24,150.673888,1.0,0.3241182706253825,24,0.5426206485442205,0.6600000000000006,True
47.665,24,151.044306,1.0,0.26185166879755284,25,0.6229643097675333,0.6700000000000006,True
47.608,28,151.469809,1.0,0.3246473754600466,24,0.5791092570670632,0.7840000000000007,True
43.589,31,151.941829,1.0,0.28574892356289483,23,0.5867076160967784,0.8220000000000007,True
47.544,32,152.442719,0.9921875,0.2928388722993931,25,0.5876268623372092,0.9120000000000008,True
39.594,30,152.896279,1.0,0.32280866138003494,20,0.5428279786887471,0.8120000000000007,True
45.584,29,153.35533,1.0,0.26902017104259845,24,0.5674110269734411,0.8320000000000007,True
43.574,28,153.789211,1.0,0.29025455904256386,23,0.5975684303059331,0.8520000000000008,True
43.56,31,154.264885,1.0,0.28541433019601464,24,0.5757458072251456,0.8800000000000007,True
41.608,26,154.654921,1.0,0.3141942772377677,22,0.5509716708465291,0.7840000000000007,True
45.543,32,155.149228,1.0,0.22293484875971986,25,0.6310233770988835,0.9140000000000007,True
43.554,33,157.383122,1.0,0.3053005394167254,23,0.5814764409163814,0.8920000000000008,True
43.614,28,157.922213,1.0,0.2690695946835727,23,0.6141322577827804,0.7720000000000007,True
47.554,32,158.537408,1.0,0.27907043908340823,26,0.6040111867393357,0.8920000000000008,True
49.555,31,159.154166,1.0,0.24895434092415047,25,0.6284344091838221,0.8900000000000007,True
45.502,38,159.776507,1.0,0.23623078961349306,24,0.634443937700898,0.9960000000000008,True
45.565,30,160.238544,1.0,0.24575610422113722,24,0.6266702935624119,0.8700000000000008,True
47.55,33,160.740692,1.0,0.258653923819153,24,0.6274358740710522,0.9000000000000008,True
41.51,35,161.27987,1.0,0.24845081545232212,21,0.605544601018063,0.9800000000000008,True
47.525,34,161.815977,1.0,0.2628886800697464,25,0.6203437147077364,0.9500000000000008,True
49.59,29,162.286572,1.0,0.268096856424326,25,0.5908277217736703,0.8200000000000007,True
47.574,30,162.749764,1.0,0.2319945981260932,24,0.6567452531229249,0.8520000000000008,True
45.55,31,163.226386,1.0,0.2631944391267691,25,0.6235831291091973,0.9000000000000007,True
45.543,33,163.746592,1.0,0.26710043666294714,25,0.5806664069512223,0.9140000000000008,True
49.625,28,164.201386,1.0,0.2536465678923435,25,0.6234257028690073,0.7500000000000007,True
41.54,32,164.703152,1.0,0.2876935431877296,22,0.5767330013355395,0.9200000000000007,True
45.572,31,165.188365,1.0,0.24136071582424728,24,0.5920845134684732,0.8560000000000008,True
47.552,32,165.663941,1.0,0.2581095261267955,25,0.6293210839168462,0.8960000000000007,True
49.603,29,166.125294,1.0,0.23157616392315286,25,0.6481808086621593,0.7940000000000007,True
45.67,23,166.472403,1.0,0.2683952709849632,25,0.5948249375294815,0.6600000000000006,True
41.53,31,166.996557,1.0,0.2628382340175149,22,0.6266369118410137,0.9400000000000007,True
49.592,29,167.436633,1.0,0.2630350758775384,25,0.6233864315754745,0.8160000000000007,True
43.551,33,167.946733,1.0,0.25481276884229187,22,0.6127923378567368,0.8980000000000008,True
47.59,29,168.387335,1.0,0.28533381668603375,24,0.5905145602273849,0.8200000000000007,True
41.62,28,168.828181,1.0,0.3187508993638453,22,0.5645985087699202,0.7600000000000007,True
45.66,24,169.215508,1.0,0.252340965005142,24,0.5797958897261771,0.6800000000000006,True
43.575,30,169.801582,1.0,0.26016932324000414,23,0.5999878284199028,0.8500000000000008,True
47.559,32,170.420083,1.0,0.2609837727785568,25,0.6074625745377752,0.8820000000000008,True
41.595,29,170.99884,1.0,0.25877935918928774,23,0.6215527331658219,0.8100000000000007,True
43.555,31,171.609442,1.0,0.2584732990955692,23,0.6211528809783187,0.8900000000000007,True
43.61,26,172.151758,1.0,0.25758404128002554,24,0.6166238716543967,0.7800000000000007,True
45.66,25,172.65381,1.0,0.2717259807032446,24,0.603106877271989,0.6800000000000006,True
43.633,28,173.230113,1.0,0.24997657967544434,22,0.6115416404104003,0.7340000000000007,True
45.685,21,173.645712,1.0,0.2831488823249975,24,0.5761365155926621,0.6300000000000006,True
41.53,33,174.169509,1.0,0.26617341336029376,21,0.5837231295824657,0.9400000000000007,True
45.59,28,174.624601,1.0,0.3282516190411033,25,0.5348682276726554,0.8200000000000007,True
37.625,25,175.025008,1.0,0.2689314155533356,21,0.6034944547671973,0.7500000000000006,True
45.628,28,175.470263,1.0,0.29615493806694404,24,0.5780948258801171,0.7440000000000007,True
45.615,27,175.875859,1.0,0.2735182415211113,23,0.6124562767040707,0.7700000000000007,True
45.64,25,176.26732,1.0,0.2564784324544841,25,0.6248297030601067,0.7200000000000006,True
49.635,27,176.693834,1.0,0.2510890151985373,25,0.6277459125398845,0.7300000000000006,True
45.585,29,177.133986,1.0,0.2864505560340366,23,0.6019950749974531,0.8300000000000007,True
41.634,27,177.551024,1.0,0.2593070896869271,22,0.5702379838341434,0.7320000000000007,True
49.588,31,178.02402,1.0,0.24221923723712435,25,0.6202673044308171,0.8240000000000007,True
47.613,29,179.670262,1.0,0.32167835550952156,24,0.5338944565974162,0.7740000000000007,True
45.605,28,180.105562,1.0,0.2575484132876596,23,0.6067439136508256,0.7900000000000007,True
43.519,35,180.632501,1.0,0.271765424956398,23,0.5937664772029358,0.9620000000000007,True
49.605,30,181.074337,1.0,0.24656690244696622,25,0.6177407705449809,0.7900000000000007,True
43.52,35,181.620349,1.0,0.2683635848868745,23,0.6144419083118031,0.9600000000000007,True
35.579,31,182.099148,1.0,0.2659139870337025,20,0.6098273576836402,0.8420000000000007,True
35.585,31,182.594589,1.0,0.2952184212175437,19,0.569544560775178,0.8300000000000007,True
39.655,26,182.999635,1.0,0.29165236413963525,21,0.5593844189841743,0.6900000000000006,True
47.624,28,183.415153,1.0,0.25040609613424836,25,0.6156208225373274,0.7520000000000007,True
45.559,30,183.997585,0.9921875,0.2460363271674644,24,0.6251054031495837,0.8820000000000007,True
47.559,31,184.58492,1.0,0.2775821715676453,24,0.5926273710991153,0.8820000000000007,True
31.51,35,185.250346,1.0,0.3597680355512588,19,0.5140492111007596,0.9800000000000008,True
49.575,30,185.846846,1.0,0.2926571153734911,25,0.5694849796352767,0.8500000000000008,True
35.569,29,186.385242,0.9921875,0.3537008757529988,20,0.5247931105415691,0.8620000000000007,True
49.558,31,187.009041,1.0,0.2527622268165312,25,0.6181854098982134,0.8840000000000007,True
39.565,32,187.658774,1.0,0.3283050695367836,21,0.5207027249620011,0.8700000000000008,True
45.573,32,188.160712,1.0,0.2336132832119788,24,0.6402023719452641,0.8540000000000008,True
37.584,29,188.60845,1.0,0.27291302423635644,21,0.592784660163704,0.8320000000000007,True
37.575,31,189.101445,1.0,0.3423334656616376,20,0.50335547496724,0.8500000000000008,True
49.514,34,189.635548,0.9921875,0.2634019723492536,25,0.5766879922830634,0.9720000000000008,True
47.565,31,190.126558,1.0,0.26857131728075295,25,0.5936772340098384,0.8700000000000008,True
41.545,31,190.613411,1.0,0.2670017777222038,22,0.6209175857700462,0.9100000000000007,True
49.568,30,191.100495,1.0,0.22701761779720836,26,0.6334488300468112,0.8640000000000008,True
41.614,29,191.540617,1.0,0.2623229444628845,22,0.6222413807296399,0.7720000000000007,True
45.615,27,191.952002,1.0,0.2623464631597794,23,0.6434604798630619,0.7700000000000007,True
41.61,29,192.407898,1.0,0.26130376780093,21,0.5843857761385216,0.7800000000000007,True
43.652,25,192.782801,1.0,0.27849085122057593,22,0.5720888895218376,0.6960000000000006,True
43.624,26,193.192107,1.0,0.27446736419911044,22,0.5900061083451972,0.7520000000000007,True
39.615,30,193.655288,1.0,0.2570151309152089,24,0.6108830580838999,0.7700000000000007,True
37.474,39,194.233521,1.0,0.2625947328390987,24,0.6030258193641577,1.052000000000001,False
47.58,30,194.681102,1.0,0.2287538983593543,25,0.6243777542724499,0.8400000000000007,True
47.544,33,195.196435,1.0,0.2804472190145825,24,0.6015698296311638,0.9120000000000008,True
41.555,31,195.691405,1.0,0.2819675035461947,22,0.5776337531165683,0.8900000000000007,True
41.605,28,196.109565,1.0,0.3178304278977693,21,0.5955894830773535,0.7900000000000007,True
37.533,36,196.656036,1.0,0.2649147222117065,21,0.5964878985128961,0.9340000000000008,True
39.543,33,197.164387,1.0,0.2803832210361906,23,0.5802396175149208,0.9140000000000007,True
43.58,32,197.712466,1.0,0.2905564838283462,22,0.5671005277773371,0.8400000000000007,True
45.565,31,198.344276,1.0,0.304648058791091,24,0.5464592107463367,0.8700000000000007,True
43.599,30,198.907681,1.0,0.2708754717227606,24,0.5859883460753543,0.8020000000000007,True
27.488,37,199.62008,1.0,0.26199979527177664,23,0.613069569431389,1.024000000000001,False
45.645,27,201.785734,1.0,0.2808874090762731,25,0.5943160473305859,0.7100000000000006,True
47.525,33,202.308027,1.0,0.30099840175604986,24,0.5698470518378015,0.9500000000000007,True
37.58,32,202.790622,1.0,0.28447686326727717,20,0.5663008719431185,0.8400000000000007,True
43.61,30,203.227751,1.0,0.24576276596864105,24,0.6012502837145604,0.7800000000000007,True
45.61,27,203.63174,1.0,0.25263912498428776,23,0.6083021094448576,0.7800000000000007,True
51.58,29,204.088306,1.0,0.3072933920169566,26,0.5912440640658667,0.8400000000000007,True
43.645,24,204.436434,1.0,0.25879878474130685,22,0.5951449553489231,0.7100000000000006,True
49.575,32,204.93689,1.0,0.24184286436508817,25,0.6617595791049655,0.8500000000000008,True
49.504,34,205.45274,1.0,0.2875680989793732,25,0.5996096587949513,0.9920000000000008,True
47.56,31,205.928039,1.0,0.2452699403716753,24,0.5959418524777413,0.8800000000000007,True
37.51,35,206.442899,1.0,0.29213782958588336,20,0.578998495913157,0.9800000000000008,True
47.549,31,206.919412,1.0,0.24956196354749305,24,0.6279872577190889,0.9020000000000007,True
51.58,29,207.348485,1.0,0.27386260642466626,26,0.6044396731159665,0.8400000000000006,True
39.555,32,207.820924,1.0,0.2528688475271741,22,0.6088439413472035,0.8900000000000007,True
47.545,32,208.297419,1.0,0.28561324328909704,25,0.5883462253352174,0.9100000000000007,True
49.575,30,208.754194,1.0,0.2782901880173573,25,0.616403269859722,0.8500000000000008,True
49.565,32,209.246238,1.0,0.2773611329371811,26,0.5812615169701698,0.8700000000000008,True
49.548,31,209.720443,1.0,0.2437584273874695,26,0.6421516957399107,0.9040000000000007,True
41.61,28,210.160252,1.0,0.241746498443198,23,0.6153989251788156,0.7800000000000007,True
47.585,32,210.636571,1.0,0.24764875817037912,24,0.6282545294845759,0.8300000000000007,True
37.484,37,211.195558,1.0,0.25903620424714774,25,0.6422530998291052,1.032000000000001,False
39.6,28,211.607784,1.0,0.26691215956986625,22,0.6095258341425315,0.8000000000000007,True
43.605,29,212.149302,1.0,0.2699508615670446,24,0.5961090977053816,0.7900000000000007,True
43.61,29,212.698586,1.0,0.28442254550263096,23,0.620953170030602,0.7800000000000007,True
45.544,34,213.36057,0.9921875,0.28400494970142,23,0.6101595405660932,0.9120000000000008,True
41.524,36,214.029704,1.0,0.27753423632909174,22,0.5962934419028328,0.9520000000000008,True
45.62,29,214.536572,1.0,0.26193780592276594,23,0.6185199059995458,0.7600000000000007,True
39.524,32,215.136271,1.0,0.2772180500176411,21,0.5870467872190326,0.9520000000000007,True
41.61,29,215.773036,1.0,0.27816911551361206,23,0.5607618127532458,0.7800000000000007,True
49.533,33,216.297288,1.0,0.30807783649500026,25,0.5580994914713441,0.9340000000000007,True
39.59,32,216.786382,1.0,0.2882149254252529,22,0.6000874391489865,0.8200000000000007,True
39.585,28,217.197398,1.0,0.2826670488803942,21,0.563334539701451,0.8300000000000006,True
43.564,33,217.699389,1.0,0.24622027136785463,22,0.5903880897508988,0.8720000000000008,True
37.6,30,218.144528,1.0,0.30185102463804026,22,0.5776440402062188,0.8000000000000007,True
45.62,29,218.588482,1.0,0.24555819657751285,24,0.6244576474911778,0.7600000000000007,True
45.595,29,219.023296,1.0,0.26839588748667587,23,0.6063573742317353,0.8100000000000007,True
45.589,31,219.518842,1.0,0.2602592309059697,24,0.6181603789664082,0.8220000000000007,True
43.59,31,220.004623,1.0,0.2934126724304348,24,0.5826352997825609,0.8200000000000007,True
45.59,29,220.448606,1.0,0.23607894446785177,24,0.6602995921673925,0.8200000000000007,True
43.575,32,220.970299,1.0,0.23838514347176315,24,0.6268416142973785,0.8500000000000008,True
39.54,35,221.536138,1.0,0.2836327738078616,22,0.5951083443342656,0.9200000000000008,True
47.61,26,223.321301,1.0,0.295175204946563,24,0.5746570178295337,0.7800000000000007,True
47.562,33,223.841357,1.0,0.23471025769488066,25,0.6497969046065671,0.8760000000000008,True
49.549,33,224.352165,1.0,0.23181963770396646,25,0.6449240483405914,0.9020000000000008,True
45.59,26,224.733647,0.9921875,0.27844812804471575,24,0.5843373813561151,0.8200000000000007,True
45.618,29,225.159586,1.0,0.23908357818043807,23,0.6198922345700139,0.7640000000000007,True
39.585,28,225.565387,1.0,0.345291706519111,23,0.5069611897315662,0.8300000000000006,True
43.574,31,226.1232,1.0,0.24821834738062928,23,0.5996805757073681,0.8520000000000008,True
45.635,25,226.587499,1.0,0.26357000050353413,24,0.5882196445601525,0.7300000000000005,True
47.56,31,227.174189,1.0,0.23737615962573583,25,0.652549963771891,0.8800000000000008,True
49.585,30,227.755229,1.0,0.2319543743565046,26,0.6228538515269951,0.8300000000000007,True
47.54,33,228.438115,1.0,0.25484789781878864,24,0.6350942918268377,0.9200000000000008,True
37.545,34,229.08943,1.0,0.29521192645195615,21,0.5780914232107296,0.9100000000000008,True
45.522,36,229.770068,1.0,0.24797044028753107,24,0.6077911880547021,0.9560000000000007,True
47.55,33,230.307493,1.0,0.2623964837886053,24,0.5976162780462039,0.9000000000000008,True
35.5,34,230.843259,1.0,0.23191933606256704,24,0.6149841924061469,1.0000000000000009,False
37.478,37,231.413054,1.0,0.2775259293828377,24,0.6091639874600323,1.044000000000001,False
41.504,36,231.961163,1.0,0.2561016549040436,22,0.6047585254707815,0.9920000000000008,True
47.535,32,232.458448,1.0,0.22804900773560138,25,0.6200065118814556,0.9300000000000007,True
35.5,35,233.012389,1.0,0.2718735858606442,25,0.5941640273861396,1.0000000000000009,False
39.565,30,233.467407,1.0,0.2517114493726182,22,0.6124638086495753,0.8700000000000007,True
39.569,32,233.95636,1.0,0.29234437377625977,21,0.60147821490349,0.8620000000000008,True
31.488,37,234.5246,1.0,0.261896777904832,22,0.608242561560804,1.024000000000001,False
45.59,31,235.00548,1.0,0.30508903551239475,23,0.5916444561427533,0.8200000000000007,True
35.62,28,235.429487,1.0,0.28346569558422097,20,0.5840731454851888,0.7600000000000007,True
43.58,30,235.894646,1.0,0.28897607255497004,22,0.5683523997315261,0.8400000000000007,True
47.625,28,236.342899,1.0,0.28636433487802665,25,0.5571553469723696,0.7500000000000007,True
41.56,31,236.82162,1.0,0.27389916712782514,25,0.5995643547304391,0.8800000000000007,True
37.535,32,237.329177,1.0,0.360937463560595,21,0.4917008273835808,0.9300000000000007,True
41.594,30,237.771173,1.0,0.2864655629907527,22,0.5804001053303371,0.8120000000000007,True
47.551,32,238.255034,1.0,0.2887726925527124,24,0.5613266136181101,0.8980000000000007,True
45.59,29,238.710577,1.0,0.28850498889641013,24,0.5946469223320873,0.8200000000000007,True
45.62,29,239.153324,1.0,0.2732082223164003,24,0.60724688511091,0.7600000000000007,True
35.583,32,239.648896,1.0,0.2500684533088057,21,0.6105041815508383,0.8340000000000007,True
39.595,30,240.215421,1.0,0.28715127885589947,22,0.5951589181001331,0.8100000000000007,True
25.485,36,240.901986,1.0,0.3519050445830657,18,0.5209899696178399,1.030000000000001,False
45.535,31,241.504563,1.0,0.2813830746763936,24,0.6057863827656825,0.9300000000000007,True
45.64,27,242.018236,1.0,0.26361759416792785,25,0.5940695762042247,0.7200000000000006,True
47.605,29,242.58124,1.0,0.2658454696122378,24,0.5924946196122495,0.7900000000000007,True
43.575,30,243.172973,1.0,0.24970645428178184,22,0.617070885698394,0.8500000000000008,True
41.585,29,243.79341,1.0,0.26963686633455175,21,0.5891269216566383,0.8300000000000007,True
47.603,27,245.507928,1.0,0.2575316779456216,25,0.6055698805075779,0.7940000000000006,True
39.575,30,246.008871,1.0,0.28996760797245075,22,0.5879500068717415,0.8500000000000008,True
33.6,31,246.488015,1.0,0.2951426839630782,17,0.5710750106371835,0.8000000000000007,True
41.565,30,246.959204,1.0,0.29504298039495364,21,0.5815934861373511,0.8700000000000008,True
51.521,33,247.463697,1.0,0.25276978441865716,26,0.634348583094374,0.9580000000000007,True
39.565,31,247.957975,1.0,0.2572765757119134,21,0.6241373319011829,0.8700000000000008,True
43.61,30,248.422585,1.0,0.2542820712587186,24,0.6076380664481369,0.7800000000000007,True
41.51,35,248.979838,1.0,0.34948163002372096,23,0.5177154125036094,0.9800000000000008,True
47.545,31,249.462917,1.0,0.23053652358008098,24,0.6376416558849023,0.9100000000000007,True
43.59,31,249.972353,1.0,0.2734421531021334,23,0.6062479928031063,0.8200000000000007,True
41.515,29,250.420871,1.0,0.2722940060581842,22,0.5938234073977045,0.9700000000000009,True
25.485,36,251.007298,1.0,0.3513186909318262,19,0.5394463330099705,1.030000000000001,False
45.514,35,251.549558,1.0,0.237329697140374,25,0.6600049728603145,0.9720000000000009,True
45.52,34,252.084337,1.0,0.2514334493668191,23,0.6119694775260318,0.9600000000000007,True
31.485,38,252.678399,1.0,0.29661208688201357,21,0.5539643025304672,1.030000000000001,False
47.57,31,253.177645,1.0,0.2379611098800678,25,0.6337506719923083,0.8600000000000008,True
49.575,30,253.641591,1.0,0.22184386958146365,25,0.6466322559925828,0.8500000000000008,True
49.58,32,254.244862,1.0,0.2507104180459684,25,0.6145597690998705,0.8400000000000007,True
49.595,30,254.831249,1.0,0.2844992525810737,26,0.5885628488387866,0.8100000000000007,True
41.555,32,255.456537,1.0,0.24906194021027045,23,0.6026144748836728,0.8900000000000008,True
45.584,31,256.051351,1.0,0.28503794979486835,25,0.5681392371847725,0.8320000000000007,True
43.528,34,256.694478,0.9921875,0.2613473579479857,25,0.6011238902733596,0.9440000000000008,True
41.55,32,257.331819,1.0,0.2662489652601183,23,0.6389711456837198,0.9000000000000008,True
47.63,28,257.892748,1.0,0.2683944921953696,24,0.6071655752029405,0.7400000000000007,True
37.538,33,258.447249,1.0,0.24732195958111447,21,0.632983429956126,0.9240000000000007,True
45.595,30,258.92982,1.0,0.2996929963529725,23,0.5591003766660291,0.8100000000000007,True
47.58,30,259.447388,1.0,0.2647195232141435,25,0.5970642808341278,0.8400000000000007,True
47.615,28,259.886911,1.0,0.26729504838860846,24,0.6201488157589297,0.7700000000000007,True
43.6,28,260.324215,1.0,0.2562577412927656,23,0.6212580404661522,0.8000000000000007,True
43.53,33,260.836699,1.0,0.34897021580497256,23,0.5367969753918111,0.9400000000000007,True
35.544,33,261.379477,1.0,0.3191574784873508,19,0.5573805606742487,0.9120000000000008,True
43.544,32,261.908159,1.0,0.27657244173817064,23,0.5761036703506688,0.9120000000000007,True
47.582,30,262.389939,1.0,0.2971735779695747,25,0.5556886225931467,0.8360000000000007,True
41.57,32,262.903062,0.96875,0.3917780228100618,22,0.44798505964964735,0.8600000000000008,True
49.685,23,263.258456,1.0,0.27394185928786075,25,0.6033051844931585,0.6300000000000006,True
39.593,30,263.762167,1.0,0.2555248918672194,22,0.6146305747290608,0.8140000000000007,True
41.559,33,264.307857,1.0,0.31572896342965406,22,0.5664996452255561,0.8820000000000008,True
41.57,33,264.857637,1.0,0.3144833244296744,21,0.5575317474316174,0.8600000000000008,True
43.538,32,265.365186,1.0,0.29655997489399055,24,0.5822183730123517,0.9240000000000007,True
49.555,31,265.866148,1.0,0.25509739282344834,25,0.6300536174800181,0.8900000000000007,True
47.63,28,267.645541,1.0,0.2551450209226854,25,0.63228499493351,0.7400000000000007,True
47.615,28,268.148934,1.0,0.24228718669014151,25,0.6468231055396038,0.7700000000000007,True
39.55,32,268.771307,1.0,0.25615484445718917,21,0.6280882630545628,0.9000000000000007,True
39.615,29,269.303369,1.0,0.27831696560203617,23,0.6060138564241773,0.7700000000000007,True
35.58,31,269.926521,1.0,0.23011577450141454,19,0.609250150952593,0.8400000000000007,True
39.57,31,270.521045,1.0,0.313505489743222,21,0.5615177134718258,0.8600000000000008,True
43.6,31,271.107583,1.0,0.30013962716883874,22,0.5820294274743643,0.8000000000000007,True
49.568,30,271.720946,1.0,0.26976959781202325,25,0.6305896617057817,0.8640000000000008,True
45.58,30,272.319788,1.0,0.2699873941836412,24,0.6040751816057136,0.8400000000000007,True
41.65,26,272.724859,1.0,0.266792318964406,23,0.598757651158337,0.7000000000000006,True
45.585,29,273.183369,1.0,0.25866394016905897,23,0.610416087826463,0.8300000000000006,True
45.539,31,273.697202,1.0,0.24840036294555207,25,0.6047968648527318,0.9220000000000007,True
41.513,35,274.263219,1.0,0.2614843673576561,22,0.6358867651053254,0.9740000000000008,True
37.58,32,274.766973,1.0,0.29636018092569005,21,0.5710156313121577,0.8400000000000007,True
43.545,32,275.293619,1.0,0.26383681822605753,23,0.6311789095854035,0.9100000000000007,True
47.64,27,275.713042,1.0,0.25276082151192836,24,0.6127623042442882,0.7200000000000006,True
45.535,33,276.230863,1.0,0.26320083137763667,23,0.5933675775464631,0.9300000000000008,True
45.555,32,276.720901,1.0,0.24517140464860504,26,0.6381201977603177,0.8900000000000008,True
45.535,34,277.269251,1.0,0.24598665357099353,23,0.6016709863254971,0.9300000000000008,True
45.515,35,277.832423,1.0,0.2382022347522479,23,0.6371505927239328,0.9700000000000009,True
45.57,30,278.303207,1.0,0.26914659999302826,24,0.5734903061589752,0.8600000000000008,True
45.625,28,278.728021,1.0,0.2820921602583094,23,0.6095995509934237,0.7500000000000007,True
47.625,27,279.141192,1.0,0.2480253009878524,25,0.6292480046146929,0.7500000000000007,True
51.605,29,279.604073,1.0,0.30764071653331926,26,0.5714822490274591,0.7900000000000007,True
45.529,33,280.121618,1.0,0.26024188316670394,25,0.6271502900822177,0.9420000000000007,True
39.57,33,280.642009,1.0,0.2817779817654968,21,0.5990037224405279,0.8600000000000008,True
37.548,32,281.135238,1.0,0.2561716806859651,20,0.6067618581998486,0.9040000000000008,True
45.56,31,281.619326,1.0,0.2765235679400724,24,0.5973563540235122,0.8800000000000007,True
41.6,30,282.087773,1.0,0.2834748013665159,22,0.5879301516026261,0.8000000000000007,True
47.585,30,282.684156,1.0,0.25125767744675126,26,0.6131765851980938,0.8300000000000007,True
27.464,38,283.377153,1.0,0.3374896350625032,19,0.5211430965577029,1.0720000000000007,False
49.634,25,283.910814,1.0,0.2606544436799744,25,0.611475809952397,0.7320000000000007,True
43.66,24,284.368724,1.0,0.2977334230919206,22,0.581222890788561,0.6800000000000006,True
47.594,28,284.908443,1.0,0.2628725217546446,24,0.5813331315984435,0.8120000000000007,True
49.568,30,285.495801,1.0,0.2998782293728919,25,0.5913172286807462,0.8640000000000007,True
41.625,28,286.075269,1.0,0.2812574707378296,23,0.5919471106569907,0.7500000000000007,True
41.64,27,286.584167,1.0,0.28589882320513715,23,0.5715972558151827,0.7200000000000006,True
41.565,30,287.074876,0.9921875,0.3496213091374709,21,0.5314224804271448,0.8700000000000007,True
45.68,25,287.458275,1.0,0.2791360892619286,24,0.5794338224153656,0.6400000000000006,True
43.609,27,287.912523,1.0,0.26791388471724786,24,0.5800994343438611,0.7820000000000007,True
43.585,28,288.365938,1.0,0.25379387191414104,22,0.5979839819221905,0.8300000000000007,True
37.61,28,288.808201,1.0,0.27522966599518317,22,0.6253770820733382,0.7800000000000007,True
49.57,31,290.691243,1.0,0.2480211077928696,25,0.6087852553521514,0.8600000000000008,True
45.64,27,291.194767,1.0,0.2706554820260855,24,0.6016676037992219,0.7200000000000006,True
41.63,27,291.621077,1.0,0.24364610203155043,24,0.6098173033110046,0.7400000000000007,True
47.54,33,292.167872,1.0,0.2510836744747165,24,0.627843380030087,0.9200000000000008,True
41.62,29,292.627255,1.0,0.24982401043741037,21,0.6299005645995648,0.7600000000000007,True
45.585,31,293.156837,1.0,0.24183053159987883,24,0.6436364191911743,0.8300000000000007,True
47.6,29,293.629968,1.0,0.2369845213377228,25,0.6165646044527882,0.8000000000000007,True
49.562,32,294.180794,1.0,0.2313809503732471,26,0.6318070633995304,0.8760000000000008,True
47.64,27,294.613282,1.0,0.2890097592263696,25,0.6013125311772304,0.7200000000000006,True
45.58,31,295.126939,1.0,0.33226797998519697,23,0.5188166121798965,0.8400000000000007,True
45.515,34,295.674383,0.9921875,0.2841840448271763,24,0.5906815954528422,0.9700000000000008,True
43.535,33,296.216958,1.0,0.23766003970798377,24,0.6139356048531464,0.9300000000000007,True
35.51,35,296.901171,1.0,0.2766777263237277,20,0.5968402720951144,0.9800000000000008,True
35.56,32,297.551051,0.953125,0.3901799478649286,18,0.47547919176840653,0.8800000000000008,True
49.614,29,298.112815,1.0,0.24118589891461473,26,0.6382434631645205,0.7720000000000007,True
41.625,28,298.67594,1.0,0.29559225984247606,23,0.5704188886007184,0.7500000000000007,True
43.55,32,299.303276,1.0,0.2775260175652866,24,0.5885324530163829,0.9000000000000007,True
43.56,31,299.967445,1.0,0.2871614585297495,23,0.5827780821716964,0.8800000000000007,True
41.51,34,300.709877,1.0,0.3344192975552618,21,0.5490701344426818,0.9800000000000008,True
43.525,34,301.260451,1.0,0.27831726755100905,24,0.6035130118323105,0.9500000000000007,True
47.59,31,301.76776,1.0,0.26438955990433266,25,0.6269416892492793,0.8200000000000007,True
45.595,31,302.254361,1.0,0.24102569852739528,24,0.6204602447705512,0.8100000000000007,True
43.525,33,302.801611,1.0,0.23259547962514782,24,0.5960559363812826,0.9500000000000007,True
47.565,30,303.266908,1.0,0.24002805174245692,24,0.6335328590935734,0.8700000000000007,True
49.595,30,303.753449,1.0,0.28222585964744507,25,0.592375679687473,0.8100000000000007,True
45.583,31,304.260286,1.0,0.24906862149266767,23,0.6327567753277589,0.8340000000000007,True
37.509,36,304.84305,1.0,0.2771233538825446,20,0.5740096062289184,0.9820000000000009,True
45.569,32,305.346849,1.0,0.27198350817261474,25,0.5905573568326654,0.8620000000000008,True
43.57,33,305.904007,1.0,0.2523649922116364,23,0.6042001689084014,0.8600000000000008,True
31.499,36,306.480433,1.0,0.25761725937121993,23,0.6260851028299483,1.002000000000001,False
43.545,34,307.047114,1.0,0.26905082487668175,24,0.617877730819859,0.9100000000000008,True
39.51,36,307.628304,1.0,0.28897071703415345,22,0.5540814085487695,0.9800000000000009,True
43.53,34,308.185707,1.0,0.24653687994548754,23,0.6247543008077927,0.9400000000000007,True
49.56,33,308.712652,1.0,0.272149677316055,25,0.5979564690035121,0.8800000000000008,True
39.555,31,309.229867,1.0,0.2489155035850626,22,0.6034806776044008,0.8900000000000008,True
39.555,32,309.75129,1.0,0.2358989091900473,21,0.6263389310043748,0.8900000000000008,True
47.565,32,310.275409,1.0,0.27105627695324364,24,0.5884288374069089,0.8700000000000008,True
45.63,28,310.767862,1.0,0.29004490189222765,23,0.5680205477486268,0.7400000000000007,True
45.583,29,311.368696,1.0,0.28939608957926843,23,0.5881921150873195,0.8340000000000007,True
45.61,26,313.424512,1.0,0.25906409847259676,25,0.6303908542381529,0.7800000000000007,True
51.64,27,313.975044,1.0,0.2671527093412836,26,0.6054233832282446,0.7200000000000006,True
39.595,29,314.596337,1.0,0.2746482031589088,20,0.6162725320356693,0.8100000000000007,True
43.61,27,315.132612,1.0,0.2599412166606693,23,0.606599793026814,0.7800000000000007,True
41.665,25,315.544071,1.0,0.249089401310177,22,0.6177202705781131,0.6700000000000006,True
43.63,25,315.948194,1.0,0.2848424383639954,24,0.6025033149343302,0.7400000000000007,True
45.615,27,316.39641,1.0,0.2558319304553398,23,0.6028831265333563,0.7700000000000007,True
39.62,28,316.838645,1.0,0.2610483312938875,21,0.606749780339977,0.7600000000000007,True
47.645,26,317.248844,1.0,0.3026449384103515,25,0.5617331183483979,0.7100000000000006,True
47.61,28,317.701886,1.0,0.24193683102790514,25,0.6218343389853705,0.7800000000000007,True
45.595,28,318.14328,1.0,0.278002877211468,24,0.5932756329165096,0.8100000000000007,True
39.578,32,318.659565,1.0,0.2627511010944376,22,0.6121625703263414,0.8440000000000007,True
45.578,31,319.148006,1.0,0.28291615836779427,24,0.6080424399798106,0.8440000000000007,True
33.519,33,319.689766,1.0,0.3198419943732913,21,0.5480161886792041,0.9620000000000007,True
43.575,30,320.235213,1.0,0.24339475096941798,23,0.6334512177877667,0.8500000000000008,True
47.595,30,320.718738,1.0,0.3093224414679535,25,0.5778272113194167,0.8100000000000007,True
43.56,31,321.205435,1.0,0.27845180057346197,23,0.5942088221011489,0.8800000000000007,True
35.493,35,321.782533,1.0,0.24235727647396013,24,0.6096500219849862,1.014000000000001,False
49.595,30,322.25621,1.0,0.26566856647874726,26,0.6027028788353015,0.8100000000000007,True
47.545,31,322.753586,1.0,0.2725846627208071,24,0.6073994618915821,0.9100000000000007,True
47.555,31,323.247445,1.0,0.35145289894043535,25,0.5190577850594029,0.8900000000000007,True
49.62,28,323.704528,1.0,0.29839738990097553,25,0.608058496199872,0.7600000000000007,True
41.61,29,324.155958,1.0,0.23804012622836462,21,0.618288957987439,0.7800000000000007,True
45.603,29,324.652022,1.0,0.2705759261399717,24,0.5998848801374934,0.7940000000000007,True
45.543,32,325.266734,1.0,0.2386375347304476,24,0.6204784249387882,0.9140000000000007,True
41.58,29,325.863097,1.0,0.26027906535570905,24,0.5951821154520713,0.8400000000000006,True
45.59,29,326.436136,1.0,0.2316861262921647,24,0.6568297653458929,0.8200000000000007,True
45.595,30,327.102785,1.0,0.2541159473974044,23,0.6181636177740745,0.8100000000000007,True
43.625,29,327.692983,1.0,0.273771742198897,25,0.5797834039477373,0.7500000000000007,True
43.606,30,328.330569,1.0,0.24821947273421802,23,0.5993482223496223,0.7880000000000007,True
45.52,33,329.05216,1.0,0.2454245274437325,23,0.6407497894970221,0.9600000000000007,True
45.58,31,329.634238,1.0,0.24555836107952805,25,0.6191692906324764,0.8400000000000007,True
47.59,30,330.154298,1.0,0.26814808881210195,26,0.6487815449602892,0.8200000000000007,True
45.564,32,330.659989,1.0,0.25662753842060454,24,0.6229783314077447,0.8720000000000008,True
43.572,33,331.173638,1.0,0.23396205606851994,22,0.6113976394312591,0.8560000000000008,True
43.579,32,331.679608,1.0,0.2864441678465999,24,0.5656022691700344,0.8420000000000007,True
37.605,29,332.145169,1.0,0.297421613237348,20,0.5643162203794386,0.7900000000000007,True
45.59,30,332.617906,1.0,0.2513089504897409,25,0.6510933539165665,0.8200000000000007,True
41.532,33,333.138291,1.0,0.28409647499655144,22,0.5970591723019877,0.9360000000000007,True
39.605,28,333.587546,1.0,0.24212296613848006,21,0.6076762849936649,0.7900000000000007,True
49.59,31,334.070311,1.0,0.28244864782331724,25,0.6267104227946615,0.8200000000000007,True
43.57,32,334.583959,1.0,0.26954141348911564,23,0.636676552440478,0.8600000000000008,True
41.62,27,336.388366,1.0,0.2675245390227225,24,0.5994335251829047,0.7600000000000007,True
41.52,34,336.945114,1.0,0.26110872348241954,21,0.6065837899163159,0.9600000000000007,True
49.545,32,337.483397,1.0,0.25074364059839194,26,0.6247215820194195,0.9100000000000007,True
43.555,31,337.983652,1.0,0.2682435961108228,23,0.5666242222803657,0.8900000000000007,True
39.505,34,338.572472,1.0,0.34998678548279216,21,0.5266364594224913,0.9900000000000008,True
45.507,36,339.133026,1.0,0.24505469700326676,24,0.6364853382108019,0.9860000000000009,True
45.518,34,339.803619,1.0,0.23487744281836098,26,0.6263370242191214,0.9640000000000007,True
39.535,35,340.47782,1.0,0.2581051064691049,20,0.6047982345348382,0.9300000000000008,True
33.465,38,341.227186,1.0,0.2650322767319293,23,0.6194532416467792,1.0700000000000007,False
39.548,34,341.89685,1.0,0.28095094116003494,22,0.5930135221766352,0.9040000000000008,True
45.544,34,342.578271,1.0,0.2630237791179244,23,0.6247539457848696,0.9120000000000008,True
45.56,32,343.249588,1.0,0.26341348958536337,23,0.584180607306857,0.8800000000000008,True
43.6,30,343.791692,0.9921875,0.3171258196074198,22,0.5770055275486554,0.8000000000000007,True
45.565,33,344.300852,1.0,0.22633416641455456,24,0.6244505851595321,0.8700000000000008,True
49.565,32,344.813251,1.0,0.22300550415704762,26,0.6418231496979856,0.8700000000000008,True
47.565,33,345.341228,1.0,0.2984982191152504,25,0.6154582012377827,0.8700000000000008,True
41.52,34,345.872455,1.0,0.2380937135491883,23,0.6048802092841054,0.9600000000000007,True
37.495,36,346.449735,1.0,0.254392429358254,24,0.6605777792393469,1.010000000000001,False
35.5,35,347.019491,1.0,0.29622933634367843,23,0.5571574114171332,1.0000000000000009,False
37.5,38,347.648727,1.0,0.27679473283543865,24,0.5915081585603376,1.0000000000000009,False
37.525,35,348.213554,1.0,0.2824538092660323,22,0.600064675462065,0.9500000000000008,True
41.4985,38,348.832378,1.0,0.22448796622114392,26,0.6254601234816792,1.0030000000000008,False
33.48,36,349.420182,1.0,0.30421488181131723,23,0.567242505035951,1.040000000000001,False
39.535,34,349.973989,1.0,0.27304088598930776,21,0.5791281216094241,0.9300000000000008,True
49.545,32,350.504935,1.0,0.2687036153064278,25,0.6018657208769214,0.9100000000000007,True
47.585,31,351.00539,1.0,0.2687011766886961,25,0.5677776561368107,0.8300000000000007,True
37.518,35,351.562487,1.0,0.2547593703777371,20,0.6303262847320256,0.9640000000000009,True
33.575,29,352.036617,1.0,0.3677674635677659,20,0.4674831147702313,0.8500000000000006,True
47.56,33,352.617237,1.0,0.23234161939985307,25,0.6256576689128187,0.8800000000000008,True
43.54,35,353.204895,1.0,0.2714422931212668,23,0.6265461369779728,0.9200000000000008,True
49.605,30,353.747859,1.0,0.2533212113926507,25,0.6159541608596167,0.7900000000000007,True
47.555,32,354.388808,1.0,0.2456264722580575,26,0.6287892230350391,0.8900000000000008,True
41.58,31,354.994938,1.0,0.2890055609874803,21,0.5899264012563006,0.8400000000000007,True
45.501,36,355.720724,1.0,0.25038144646099675,24,0.6340903302048253,0.9980000000000008,True
27.49,36,356.440052,1.0,0.35135210348733703,20,0.48259443724629736,1.020000000000001,False
47.515,35,357.151318,1.0,0.27464529407097027,25,0.6126746317900484,0.9700000000000008,True
35.486,39,357.981326,1.0,0.22861669236786558,25,0.6842656113293761,1.028000000000001,False
45.575,30,359.943212,1.0,0.269358387903361,26,0.5977658527359844,0.8500000000000008,True
25.47,38,360.58473,1.0,0.2493473422345341,20,0.6246805881322022,1.0600000000000007,False
41.53,33,361.125493,1.0,0.261836672759448,23,0.5797249286322654,0.9400000000000008,True
43.545,27,361.564548,1.0,0.2849357993862044,24,0.5627840044199417,0.9100000000000008,True
51.547,35,362.131314,1.0,0.24446051243687864,26,0.623144288948983,0.9060000000000008,True
47.503,36,362.748748,1.0,0.2632415820391163,24,0.5906022570042035,0.9940000000000008,True
47.555,31,363.239398,1.0,0.22909895517582718,24,0.6386596540443172,0.8900000000000007,True
45.54,35,363.816269,1.0,0.27014553743340497,25,0.5991261294063173,0.9200000000000008,True
45.605,30,364.289977,1.0,0.2823864947476332,23,0.571232102639602,0.7900000000000007,True
43.525,34,364.847297,1.0,0.28703863964980303,23,0.6228110647212157,0.9500000000000008,True
49.59,31,365.34193,1.0,0.2568003288215773,25,0.6347063007355642,0.8200000000000007,True
43.51,35,365.923955,1.0,0.27606993258446133,24,0.6012557205500024,0.9800000000000008,True
51.58,31,366.420457,1.0,0.27032634697774416,26,0.6358856674894793,0.8400000000000007,True
39.605,29,366.900826,1.0,0.2644437383491993,22,0.6068556207798563,0.7900000000000007,True
51.595,30,367.38481,1.0,0.2438169076438303,26,0.6173111853062143,0.8100000000000007,True
41.51,35,368.058805,1.0,0.24251154617553344,23,0.6426591955144686,0.9800000000000008,True
43.516,34,368.71911,1.0,0.2417713725340468,23,0.6262938097432849,0.9680000000000007,True
45.56,32,369.390913,1.0,0.27981931322793285,24,0.5900566808214621,0.8800000000000008,True
43.555,32,370.037578,1.0,0.24938914820385683,22,0.592459893285628,0.8900000000000008,True
43.542,34,370.695146,1.0,0.245947228405497,25,0.6424124287287475,0.9160000000000008,True
45.525,34,371.377273,1.0,0.28870999851054796,24,0.6084441862912854,0.9500000000000007,True
43.57,29,372.011622,1.0,0.30051891609417053,23,0.5624305238195485,0.8600000000000008,True
37.525,34,372.579889,1.0,0.2764369156863071,21,0.6050489274418832,0.9500000000000007,True
43.534,35,373.141969,0.9921875,0.30121847646132915,22,0.5650765767722447,0.9320000000000008,True
51.559,33,373.701867,1.0,0.23405693789502696,26,0.6278703449790056,0.8820000000000008,True
47.513,37,374.301056,1.0,0.2548760003725027,25,0.582165001147745,0.9740000000000009,True
47.559,33,374.845054,1.0,0.25696616051421095,25,0.6014600139639907,0.8820000000000008,True
47.57,31,375.340207,1.0,0.2618605102793054,24,0.6544832913641917,0.8600000000000008,True
51.55,33,375.889414,1.0,0.2335851792990165,26,0.6617960372294327,0.9000000000000008,True
45.536,33,376.397197,1.0,0.24538963896091665,24,0.6279387048817047,0.9280000000000007,True
49.56,32,376.922783,1.0,0.2400998675106743,25,0.6317097642205561,0.8800000000000008,True
51.585,31,377.436971,1.0,0.24720699313196215,26,0.6321449458708496,0.8300000000000007,True
37.52,35,378.02767,1.0,0.3196773297332637,19,0.5468993685431637,0.9600000000000009,True
45.57,31,378.508261,1.0,0.25108315937498205,24,0.6261089338707619,0.8600000000000008,True
45.585,31,379.00237,1.0,0.3093939195224786,24,0.579588366987956,0.8300000000000007,True
47.555,31,379.516026,1.0,0.2632688936145592,24,0.6326902787581109,0.8900000000000007,True
47.555,32,380.079175,1.0,0.30209825733202855,25,0.5654210695802239,0.8900000000000007,True
45.63,28,380.514412,1.0,0.2821831331697045,24,0.6090784763223854,0.7400000000000007,True
47.575,30,381.001987,1.0,0.27278900947589163,25,0.5934536655697739,0.8500000000000008,True
39.61,29,383.073441,1.0,0.27395543482936735,22,0.6065260983388809,0.7800000000000007,True
47.573,30,383.653912,1.0,0.26902826036769056,24,0.6245627519247563,0.8540000000000008,True
39.589,30,384.236869,1.0,0.24178778384431288,23,0.6203728457607584,0.8220000000000007,True
47.57,30,384.811455,1.0,0.2603450945580812,25,0.589233487200214,0.8600000000000008,True
47.585,29,385.39498,1.0,0.3214037209224577,24,0.5887457597086624,0.8300000000000007,True
41.605,28,385.999686,1.0,0.24536814623116288,25,0.636133701311491,0.7900000000000007,True
43.605,29,386.515619,1.0,0.274220561922297,24,0.6256077671610653,0.7900000000000007,True
45.584,28,386.950791,1.0,0.2685101173450061,23,0.598414902672278,0.8320000000000006,True
45.59,28,387.410688,1.0,0.27423823807178616,24,0.5757449832810768,0.8200000000000007,True
47.613,29,387.888872,1.0,0.28242793446172504,24,0.5832061784240363,0.7740000000000007,True
43.645,26,388.340878,1.0,0.3195191354473197,23,0.5516444768392994,0.7100000000000006,True
37.583,29,388.803179,1.0,0.33006444993977363,20,0.5099522231536391,0.8340000000000007,True
45.59,28,389.256746,1.0,0.2703811718674764,25,0.6006259761808322,0.8200000000000007,True
47.623,28,389.710765,1.0,0.3036887459423847,24,0.5844028800173066,0.7540000000000007,True
39.585,29,390.169425,1.0,0.2896918366573422,20,0.5742211311593889,0.8300000000000007,True
49.598,28,390.599854,1.0,0.26744468875800553,25,0.598357622791071,0.8040000000000007,True
47.62,27,391.035211,1.0,0.27458836271414266,24,0.6390123417596653,0.7600000000000007,True
43.604,27,391.466336,1.0,0.248957469268419,23,0.6162182295827555,0.7920000000000007,True
45.602,30,391.947377,1.0,0.260795762736783,23,0.6280807558093743,0.7960000000000007,True
39.63,26,392.3831,1.0,0.2782355189397286,21,0.5889810625782061,0.7400000000000007,True
43.57,30,392.880635,1.0,0.28350993827973847,23,0.566580326916134,0.8600000000000007,True
35.58,29,393.358461,0.9921875,0.29592997792328357,20,0.5928983792900675,0.8400000000000007,True
45.595,28,393.824423,1.0,0.28440496793391445,24,0.5724533464757978,0.8100000000000007,True
45.605,28,394.259806,1.0,0.2804487070248669,24,0.6125996218947569,0.7900000000000007,True
45.594,30,394.753017,1.0,0.29566847030755894,23,0.5812117128992719,0.8120000000000007,True
43.555,30,395.221599,1.0,0.2756592670905672,23,0.5718046738020801,0.8900000000000007,True
43.585,29,395.68756,1.0,0.26521263024849057,24,0.6136126388697097,0.8300000000000007,True
47.63,27,396.149914,1.0,0.30653228617840866,24,0.5701208941873743,0.7400000000000007,True
47.595,28,396.75758,1.0,0.24860111552906108,25,0.6223193419759716,0.8100000000000007,True
45.6,28,397.311249,1.0,0.24532874496399154,23,0.597518160640755,0.8000000000000007,True
45.606,29,397.92063,1.0,0.2453343102060992,24,0.6052514560139459,0.7880000000000007,True
37.564,31,398.56215,1.0,0.33182365671876746,20,0.5296680575098109,0.8720000000000008,True
33.53,34,399.229208,1.0,0.3025600582091864,19,0.5602941407355663,0.9400000000000007,True
49.65,26,399.764804,1.0,0.29367574101722715,26,0.6020197911926456,0.7000000000000006,True
41.695,23,400.220851,1.0,0.26864711907873423,22,0.6244978911914093,0.6100000000000005,True
49.589,29,400.78443,1.0,0.25877392247051106,25,0.6234285540252904,0.8220000000000007,True
41.645,26,401.185299,1.0,0.3196356874452415,23,0.5464549386651693,0.7100000000000006,True
47.655,26,401.592888,1.0,0.24415067507091964,25,0.6405741601470931,0.6900000000000006,True
45.654,26,402.019838,1.0,0.2777819047253141,25,0.622188342087417,0.6920000000000006,True
43.654,24,402.406555,1.0,0.28139484370775797,23,0.6065471178406463,0.6920000000000006,True
51.665,25,402.819294,1.0,0.25694817072630577,26,0.6227095262241528,0.6700000000000006,True
43.59,29,403.284175,1.0,0.32620019124548805,24,0.5355548935619416,0.8200000000000007,True
47.61,27,403.713712,1.0,0.2683115956742145,24,0.6257247253785029,0.7800000000000007,True
45.665,25,404.122202,1.0,0.2881085169172425,23,0.5728984243983328,0.6700000000000006,True
35.575,29,405.777134,1.0,0.26626830110828104,21,0.5983991818889901,0.8500000000000008,True
43.59,28,406.21426,1.0,0.3227132567241486,23,0.5360011710021535,0.8200000000000007,True
43.585,29,406.669443,1.0,0.28599125955459137,22,0.5688564207562837,0.8300000000000007,True
45.645,26,407.089407,1.0,0.2878144200678901,24,0.5781146896343757,0.7100000000000006,True
37.639,27,407.521734,1.0,0.2639474430869359,21,0.5895076168687802,0.7220000000000006,True
39.643,25,407.91426,0.9921875,0.29467296911448027,21,0.5928173465641234,0.7140000000000006,True
45.625,25,408.301764,1.0,0.27741658625857923,25,0.6365789271137712,0.7500000000000006,True
49.63,26,408.695599,1.0,0.2538431717530498,25,0.6029878229534693,0.7400000000000007,True
45.715,21,409.020812,1.0,0.27763208790021165,24,0.6168740136139399,0.5700000000000005,True
43.6,27,409.433438,1.0,0.2692985707865049,23,0.5781379427679572,0.8000000000000006,True
43.575,31,409.908547,1.0,0.270547019128962,23,0.6177591867110864,0.8500000000000008,True
43.575,30,410.381666,1.0,0.2863535590087841,23,0.5796760409048244,0.8500000000000008,True
43.605,30,410.966846,1.0,0.2593884236077785,23,0.6169432594342565,0.7900000000000007,True
45.605,27,411.481448,1.0,0.29652041256650274,24,0.5828454980214104,0.7900000000000007,True
49.57,31,412.080481,1.0,0.2482819948986587,25,0.6403848604606694,0.8600000000000008,True
49.585,29,412.707611,1.0,0.2703923306213043,25,0.6046866613135998,0.8300000000000007,True
49.593,29,413.265979,1.0,0.2481006715224771,25,0.6080804068218415,0.8140000000000007,True
47.574,30,413.874996,1.0,0.2718066344832111,25,0.6051234596572131,0.8520000000000008,True
47.585,29,414.527081,1.0,0.2610530458915973,25,0.6222741060770289,0.8300000000000007,True
47.655,25,415.024067,1.0,0.2640338917536845,24,0.5974728249479188,0.6900000000000006,True
45.541,32,415.516223,1.0,0.24159602462791316,24,0.6222566042042162,0.9180000000000007,True
37.625,27,415.935248,1.0,0.301055683910884,20,0.558627710204339,0.7500000000000007,True
37.61,27,416.357315,1.0,0.24812303854821074,21,0.6117992791121011,0.7800000000000007,True
43.583,31,416.853644,1.0,0.25705527488030233,23,0.6334373487772061,0.8340000000000007,True
45.509,34,417.378801,1.0,0.30247355737684567,23,0.5656046792173959,0.9820000000000008,True
45.544,32,417.905972,1.0,0.2568422324296774,24,0.6043842864001974,0.9120000000000007,True
41.59,31,418.391109,1.0,0.28494523720291176,22,0.5851271348844075,0.8200000000000007,True
47.59,30,418.87507,1.0,0.2337929237722417,25,0.6357251311210427,0.8200000000000007,True
25.475,37,419.436466,1.0,0.31860004817258125,19,0.55958763077182,1.0500000000000007,False
41.57,31,419.931337,1.0,0.26960608336428904,21,0.5758045607352005,0.8600000000000008,True
35.569,33,420.451567,1.0,0.2685723410667337,21,0.6006057047335643,0.8620000000000008,True
37.615,29,420.928624,1.0,0.294880256889755,20,0.5492947675540825,0.7700000000000007,True
47.587,31,421.406513,1.0,0.27835783506995954,24,0.591865972972008,0.8260000000000007,True
45.6,30,421.888572,1.0,0.2608448008789377,24,0.6260726011073705,0.8000000000000007,True
41.59,31,422.371396,1.0,0.2628993315083408,22,0.5917221484923882,0.8200000000000007,True
47.605,28,422.82523,1.0,0.26367395389695214,25,0.6378272467797262,0.7900000000000007,True
47.61,29,423.283667,1.0,0.2904130128552108,26,0.5783135584478154,0.7800000000000007,True
37.525,34,423.829863,1.0,0.34751162915565137,21,0.5238065126387679,0.9500000000000007,True
39.605,29,424.287687,1.0,0.2556764569044647,22,0.6201968867422353,0.7900000000000007,True
41.58,31,424.760787,1.0,0.2581454023238727,22,0.6203425470015683,0.8400000000000007,True
45.63,28,425.343915,1.0,0.28961664072056315,23,0.5818449611438887,0.7400000000000007,True
47.62,28,425.920574,1.0,0.2608947032003507,25,0.5949149771168287,0.7600000000000007,True
45.635,26,426.462101,1.0,0.2577801330874194,23,0.6286759165052017,0.7300000000000006,True
45.624,27,428.574146,1.0,0.28967875453710845,24,0.6057896552758725,0.7520000000000007,True
47.61,27,429.172793,1.0,0.28195433881708726,25,0.6168677274306295,0.7800000000000006,True
47.66,25,429.568622,1.0,0.2520481389271744,25,0.6278195684170266,0.6800000000000006,True
47.588,28,430.027579,1.0,0.23772627742040697,24,0.6339855019526753,0.8240000000000006,True
43.61,28,430.478602,1.0,0.26478610149800635,23,0.6084861956668489,0.7800000000000007,True
45.555,31,430.970635,1.0,0.34694905286266353,23,0.4922268237043532,0.8900000000000007,True
41.554,32,431.484043,0.9921875,0.2895184636024226,21,0.5764039969519243,0.8920000000000008,True
49.598,28,431.926646,1.0,0.2708525983779423,25,0.6107123526571135,0.8040000000000007,True
41.625,28,432.38825,1.0,0.2920930649195146,23,0.5879379158644528,0.7500000000000007,True
41.614,29,432.859788,1.0,0.27018112257327054,23,0.5726331751708883,0.7720000000000007,True
45.643,26,433.281663,1.0,0.27586348843700953,23,0.5952714345395985,0.7140000000000006,True
47.66,25,433.672393,0.9921875,0.3001980738336835,24,0.5625333136960659,0.6800000000000006,True
45.605,27,434.099981,1.0,0.3028441280825797,23,0.5580234200646431,0.7900000000000007,True
41.603,29,434.570732,1.0,0.23063311001731437,22,0.6541022123438178,0.7940000000000007,True
47.635,27,435.012005,1.0,0.23020180393039597,25,0.6268043444495354,0.7300000000000006,True
47.635,26,435.426388,1.0,0.2628288384011336,24,0.6184968042229196,0.7300000000000006,True
41.608,29,435.872622,1.0,0.2959405596607513,23,0.5906722809987611,0.7840000000000007,True
45.64,27,436.2842,1.0,0.29293477227147097,24,0.6077450204175113,0.7200000000000006,True
43.595,29,436.753024,1.0,0.28549784511602105,23,0.6051901234886954,0.8100000000000007,True
43.58,30,437.223381,1.0,0.280085051255025,22,0.5882175710969052,0.8400000000000007,True
43.565,30,437.71135,1.0,0.26537294041584397,24,0.6040065289597176,0.8700000000000008,True
47.594,30,438.173145,1.0,0.23599929377435025,25,0.6230853733127174,0.8120000000000007,True
41.575,30,438.648535,1.0,0.24397833772208605,24,0.6477598355321119,0.8500000000000008,True
39.685,23,439.013,1.0,0.2918806965258966,22,0.5807936004530119,0.6300000000000006,True
49.635,26,439.555925,1.0,0.2573216866784288,25,0.6434536511398486,0.7300000000000006,True
39.529,32,440.16359,1.0,0.28626934627207234,23,0.5916129052334212,0.9420000000000007,True
43.605,28,440.741444,1.0,0.2790678782958601,23,0.5897853182950759,0.7900000000000007,True
45.6,28,441.289371,1.0,0.3054604466467712,23,0.5846970206109013,0.8000000000000007,True
47.583,29,441.86034,1.0,0.22892863722371654,25,0.6348920646489676,0.8340000000000007,True
45.63,28,442.421018,1.0,0.26579160208665853,24,0.6154183096268423,0.7400000000000007,True
43.564,31,443.068314,0.9921875,0.2822484471998929,22,0.5894924183213569,0.8720000000000008,True
47.605,28,443.544866,1.0,0.2590542624109515,25,0.6243372212924753,0.7900000000000007,True
45.635,26,443.94923,1.0,0.25613576484763634,24,0.602364944663838,0.7300000000000006,True
45.56,30,444.410632,1.0,0.27698572268756905,25,0.5544878621928595,0.8800000000000007,True
43.603,30,444.880558,1.0,0.25554828258255763,24,0.5946145605347092,0.7940000000000007,True
45.57,30,445.346979,1.0,0.24690498262179608,24,0.6057459432016062,0.8600000000000008,True
45.548,32,445.841936,1.0,0.24636671084931153,23,0.6003529952375224,0.9040000000000007,True
47.569,31,446.339432,1.0,0.2536645127496433,25,0.6169784699390193,0.8620000000000008,True
41.58,31,446.833152,1.0,0.25165216705543775,22,0.5862824420720185,0.8400000000000007,True
43.64,27,447.261971,1.0,0.24542547459253095,23,0.6336099602611905,0.7200000000000006,True
39.555,31,447.74618,1.0,0.35392653079463,20,0.5148970407489585,0.8900000000000007,True
43.553,31,448.250544,1.0,0.2471111968555441,24,0.6479037505901536,0.8940000000000007,True
49.6,30,448.729412,1.0,0.2682880870464586,25,0.5866823940912661,0.8000000000000007,True
47.61,28,449.18106,1.0,0.24154776085128932,25,0.6233593802747609,0.7800000000000007,True
