#{"t_start": 1790447210.4000986, "env_id": "None"}
r,l,t,coverage,mean_uncertainty,defects_found,miou,energy_used,success
3.861,8,1.4347,0.46875,0.6749261320145317,5,0.1612150325174722,0.27800000000000014,True
13.881,7,1.616496,0.3515625,0.762108981529906,9,0.22604840568594164,0.2380000000000002,True
1.976,3,1.641817,0.0703125,0.9578454679521065,1,0.03280404424432172,0.04800000000000004,True
5.918,5,1.679241,0.234375,0.8374359979735696,5,0.11241052424140865,0.16400000000000015,True
5.943,4,1.714854,0.1171875,0.9195271234099407,3,0.0712721147709955,0.1140000000000001,True
3.951,4,1.747725,0.1171875,0.9151695274638492,3,0.08220106658874617,0.09800000000000009,True
19.857,9,1.831502,0.5859375,0.599522447339691,11,0.27155381643033266,0.28600000000000025,True
35.497,38,2.198996,1.0,0.3165141665550949,23,0.6112786931180024,1.006000000000001,False
31.499,35,2.520357,1.0,0.316164928360924,24,0.5560611344725414,1.002000000000001,False
33.5,38,2.891992,1.0,0.32916401586368943,22,0.5622761618533902,1.0000000000000009,False
0.0,1,2.901946,0.0703125,0.9698834227268126,2,0.021254865212067167,0.0,True
25.4995,40,3.337766,1.0,0.34261212441270184,18,0.5173018659154068,1.0010000000000008,False
27.5,39,3.719267,1.0,0.3421397406880594,20,0.5383296300949512,1.0000000000000009,False
29.5,40,4.126458,1.0,0.3451100271464498,21,0.5064298417983001,1.0000000000000009,False
29.499,40,4.536616,1.0,0.3384527813315696,20,0.5534416151658885,1.002000000000001,False
39.499,40,4.977157,1.0,0.3453519098597238,25,0.5221519082518171,1.002000000000001,False
29.5,40,5.459611,1.0,0.3477395821924886,20,0.4923737163115765,1.0000000000000009,False
27.4985,40,5.838571,1.0,0.3431752668354676,21,0.5012103807345587,1.0030000000000008,False
31.5,40,6.136793,1.0,0.34629986450011285,22,0.480404110289089,1.0000000000000009,False
23.498,40,6.41681,1.0,0.35029131111406775,17,0.5176854594296179,1.004000000000001,False
27.4985,40,6.727647,1.0,0.3462383251872503,21,0.5331755182445365,1.0030000000000008,False
29.499,40,7.04812,1.0,0.3476089404190008,21,0.5036547048391822,1.002000000000001,False
37.502,40,7.353463,1.0,0.34883070633420576,19,0.5065262597679427,0.9960000000000008,False
25.499,40,7.662668,1.0,0.3445149898590747,18,0.52205606092588,1.002000000000001,False
25.499,40,7.962705,1.0,0.3496646680645905,21,0.5019133776097869,1.002000000000001,False
27.499,40,8.264061,1.0,0.35088171578632155,21,0.4928463525925956,1.002000000000001,False
19.5,40,8.573364,1.0,0.34898426916068775,16,0.510066835877448,1.0000000000000009,False
35.4995,40,8.860337,1.0,0.34370898218002455,23,0.5146557672107964,1.0010000000000008,False
35.745,20,9.004474,1.0,0.34799426779019593,18,0.49070866056999335,0.5100000000000005,True
31.498,40,9.31227,1.0,0.3455774363984051,22,0.5163200013510865,1.004000000000001,False
29.499,40,9.617907,1.0,0.3486423965971462,20,0.5044796395068968,1.002000000000001,False
39.773,17,9.739338,1.0,0.34699718325835327,23,0.5189750877777618,0.4540000000000004,True
41.713,21,9.885543,1.0,0.34465253269311313,23,0.545637241256802,0.5740000000000005,True
41.505,37,10.152115,1.0,0.34793915831070643,21,0.4945221567000776,0.9900000000000008,True
29.4995,39,10.427832,1.0,0.33966871584130975,21,0.5362793391173784,1.0010000000000008,False
33.498,40,10.730986,1.0,0.3495333665201801,24,0.5064626502321898,1.004000000000001,False
25.4985,40,11.014353,1.0,0.32967662909874407,21,0.5816856224871729,1.0030000000000008,False
35.635,26,11.200988,1.0,0.3380571229839916,19,0.5348944172202091,0.7300000000000005,True
45.581,31,11.413935,1.0,0.3305095171859412,23,0.555745964859654,0.8380000000000007,True
45.505,39,11.71082,1.0,0.331211525867046,25,0.5474502801377092,0.9900000000000008,True
33.828,11,11.788743,0.953125,0.37587998708722664,18,0.5175852952401367,0.3440000000000002,True
39.529,36,12.959051,1.0,0.3370948336803235,21,0.5194680300833947,0.9420000000000008,True
39.613,31,13.189818,1.0,0.3407389356534225,20,0.5603884569106699,0.7740000000000007,True
17.925,4,13.215273,0.3515625,0.7763420095133384,9,0.21339474895797939,0.15000000000000013,True
39.812,12,13.305053,0.953125,0.3749114806828252,22,0.5091728184578598,0.3760000000000002,True
49.543,34,13.533813,1.0,0.34057343848999083,25,0.5469727465229165,0.9140000000000007,True
37.525,34,13.783597,1.0,0.31733016365603295,20,0.5741549177911576,0.9500000000000007,True
27.89,8,13.843235,0.796875,0.4830125149216168,14,0.38799695476377943,0.2200000000000002,True
43.809,15,13.953347,1.0,0.3490530041730262,23,0.508680539077396,0.38200000000000034,True
41.632,27,14.149135,1.0,0.32534590742096303,23,0.5346498896243058,0.7360000000000007,True
43.709,22,14.303996,1.0,0.3402824519849365,22,0.5110295768009127,0.5820000000000005,True
43.752,18,14.435615,1.0,0.34675125959542324,23,0.5247166841511485,0.49600000000000033,True
33.677,23,14.589725,1.0,0.3336175720491071,20,0.5494390504537041,0.6460000000000006,True
43.865,9,14.659267,0.875,0.43965121588091044,22,0.5050690132189547,0.27000000000000024,True
41.705,22,14.837238,1.0,0.3371731821084847,22,0.5332423589155707,0.5900000000000005,True
35.769,17,14.958216,1.0,0.349991352972183,20,0.5149406698588195,0.4620000000000004,True
43.825,12,15.058014,1.0,0.3491495871022804,22,0.498678469890655,0.3500000000000003,True
35.794,16,15.186234,1.0,0.34716967473475213,19,0.5011245932635463,0.41200000000000037,True
33.809,13,15.281565,1.0,0.34187339263790095,19,0.5149253870428013,0.38200000000000034,True
15.925,4,15.305723,0.3515625,0.7753936761834936,9,0.21181587330272678,0.15000000000000013,True
41.597,31,15.522731,1.0,0.3372166719356875,21,0.5212321900759513,0.8060000000000007,True
0.0,1,15.529219,0.0703125,0.9688169361832801,1,0.03420745772537755,0.0,True
47.777,15,15.630173,1.0,0.3389753234340504,24,0.5165883000914806,0.4460000000000003,True
41.585,32,15.990429,1.0,0.33902597576541993,21,0.5390033651923007,0.8300000000000007,True
35.825,12,16.114298,1.0,0.34901526764563373,19,0.508699574500127,0.3500000000000003,True
39.729,19,16.308908,1.0,0.3458690708417994,21,0.5240406007243131,0.5420000000000005,True
23.905,7,16.376113,0.703125,0.5345523946440873,13,0.2879367740239412,0.19000000000000017,True
29.874,9,16.466818,0.796875,0.4770598065831845,15,0.3763535622940392,0.2520000000000002,True
35.717,22,16.686427,1.0,0.349498789336144,18,0.5168282851151035,0.5660000000000005,True
43.605,28,16.97614,1.0,0.3426254091244717,23,0.5153797299098412,0.7900000000000006,True
33.633,27,17.2989,1.0,0.3480005208900704,20,0.5014225301214116,0.7340000000000007,True
41.793,14,17.460384,1.0,0.34184905872450977,22,0.5165062612922569,0.41400000000000037,True
25.874,9,17.557711,0.796875,0.4812696019139948,14,0.37315998816956975,0.2520000000000002,True
35.809,12,17.681508,1.0,0.3441294941937656,20,0.5114737623526496,0.38200000000000023,True
47.777,17,17.857613,1.0,0.3412421235783041,24,0.5251772449175967,0.4460000000000004,True
45.709,20,18.104054,1.0,0.34249794610985534,23,0.5235361499947507,0.5820000000000005,True
35.849,10,18.218973,0.875,0.43360483326738164,20,0.46731434304117225,0.30200000000000027,True
43.729,19,18.440382,1.0,0.3318019131022275,22,0.573444833341971,0.5420000000000005,True
35.824,11,18.555251,0.953125,0.3806122553526856,19,0.5038749987056176,0.3520000000000002,True
41.728,20,18.780395,1.0,0.3415765596319206,22,0.5289640654878313,0.5440000000000005,True
43.766,18,18.974845,1.0,0.33901153242294924,22,0.5281867636138169,0.4680000000000004,True
39.797,15,19.161044,1.0,0.3388874205135519,20,0.5178615970686915,0.40600000000000036,True
37.825,11,19.301529,1.0,0.35174958033994486,21,0.5073524314026592,0.3500000000000002,True
43.571,30,19.623769,1.0,0.3249427760903951,23,0.5536475296272039,0.8580000000000007,True
43.84,10,19.741419,0.953125,0.38841618901804165,22,0.4977482975411859,0.3200000000000002,True
31.825,14,19.916318,1.0,0.3461047658382328,17,0.502559495769334,0.3500000000000003,True
45.717,20,20.17465,1.0,0.3362273593344902,25,0.5275507095315907,0.5660000000000005,True
37.785,16,20.341134,1.0,0.35225695253138734,19,0.5030000490335632,0.4300000000000004,True
39.773,15,20.448596,1.0,0.3372216602105574,21,0.5446837076972225,0.4540000000000004,True
45.713,22,20.604753,1.0,0.34250132683361123,24,0.5191406816663353,0.5740000000000005,True
35.717,20,20.744564,1.0,0.33730767467653766,20,0.51837763526391,0.5660000000000005,True
37.785,16,20.853355,1.0,0.3508138134848879,19,0.5140887475125031,0.4300000000000004,True
35.825,13,20.937856,1.0,0.3539203837182405,19,0.49973144499535016,0.3500000000000003,True
33.865,9,21.000497,0.875,0.42996050835784616,17,0.4603110774590874,0.27000000000000024,True
37.766,18,21.130125,1.0,0.3390408986485174,20,0.5145522675828341,0.4680000000000004,True
35.825,11,21.219912,1.0,0.3521184130162879,19,0.5071148667988264,0.3500000000000002,True
25.889,7,21.269393,0.5859375,0.6177426738666298,16,0.3289036099185878,0.2220000000000002,True
41.809,12,21.355666,1.0,0.3459097582452702,22,0.5002762423431067,0.38200000000000023,True
37.809,13,21.445013,1.0,0.3504040326333355,20,0.49374962911571113,0.38200000000000034,True
47.825,14,21.54253,1.0,0.35011071010746364,24,0.4967241036829817,0.3500000000000003,True
41.813,12,21.619707,1.0,0.3475297451713689,22,0.49973621914796473,0.3740000000000002,True
33.825,12,21.705612,1.0,0.35360774247824445,18,0.5046073426291907,0.3500000000000003,True
37.774,17,21.818269,1.0,0.34166898443410637,21,0.5153319530824646,0.4520000000000004,True
43.785,16,21.926947,1.0,0.35310929195177576,22,0.4891581161744472,0.4300000000000004,True
37.781,15,22.026063,1.0,0.340045452930639,20,0.5302774960643156,0.4380000000000004,True
39.797,15,22.133815,1.0,0.3439511750589437,22,0.5218610869037381,0.40600000000000036,True
45.672,23,22.306395,1.0,0.33629943842917365,25,0.5390561047115702,0.6560000000000006,True
37.809,14,22.400873,1.0,0.34947903315374806,19,0.5189463438943493,0.38200000000000034,True
45.825,12,22.483982,1.0,0.3504517877200314,24,0.5015034860562233,0.3500000000000003,True
29.893,7,22.533138,0.5859375,0.6234811610327597,15,0.35686459298556755,0.2140000000000002,True
39.809,15,22.63644,1.0,0.3465892266278038,23,0.5194957761397554,0.38200000000000034,True
33.89,8,22.690468,0.796875,0.4875704461964689,18,0.4099424662186211,0.2200000000000002,True
41.797,16,22.800031,1.0,0.3399718556758098,23,0.5223990171533507,0.40600000000000036,True
35.825,12,22.877903,1.0,0.35359800717780243,20,0.4817199760662944,0.3500000000000003,True
45.813,14,22.977719,1.0,0.3487453277614426,23,0.5025386412489969,0.37400000000000033,True
43.84,10,23.050137,0.953125,0.39019574747328895,22,0.5045501577695767,0.3200000000000002,True
41.777,17,23.176521,1.0,0.33940856739871117,22,0.5055770661848121,0.4460000000000004,True
39.825,14,23.287497,1.0,0.3457501944364394,21,0.5046516965832436,0.3500000000000003,True
33.825,11,23.372042,1.0,0.35464421416404424,18,0.502758035726122,0.3500000000000002,True
1.975,2,23.387573,0.1171875,0.919172502618345,1,0.01785302505828641,0.050000000000000044,True
45.828,11,23.931755,0.953125,0.37656863207765184,23,0.48805894629272983,0.3440000000000002,True
37.7,21,24.086134,1.0,0.3386501691632536,20,0.5569448185131171,0.6000000000000005,True
37.794,16,24.219233,1.0,0.35118698419885563,21,0.490259860609077,0.41200000000000037,True
43.797,15,24.338965,1.0,0.34324702569034704,22,0.5155275303284981,0.40600000000000036,True
33.817,13,24.432876,1.0,0.3527761002446557,18,0.5131991766562624,0.3660000000000003,True
25.84,10,24.502591,0.953125,0.37813628497128077,16,0.4259309456599469,0.3200000000000002,True
41.721,20,24.644308,1.0,0.3328427344364035,22,0.5466892757368433,0.5580000000000005,True
43.809,14,24.743584,1.0,0.34725313566550875,22,0.5019879644676287,0.38200000000000034,True
39.797,14,24.844566,1.0,0.3403079543117782,20,0.5305763534456711,0.40600000000000036,True
39.84,10,24.921766,0.953125,0.3843690222444964,22,0.4894563187311768,0.3200000000000002,True
31.812,12,25.00666,0.953125,0.3725668700591841,19,0.48067712515203004,0.3760000000000002,True
39.825,11,25.092019,1.0,0.3490293190567408,20,0.48696751490116574,0.3500000000000002,True
41.809,12,25.173902,1.0,0.3461578031984896,22,0.5108950759850693,0.38200000000000023,True
43.797,13,25.271658,1.0,0.34804603518028715,23,0.5104458136561427,0.40600000000000025,True
41.825,12,25.358037,1.0,0.35600841855775045,21,0.4841941507592521,0.3500000000000003,True
35.84,10,25.436565,0.953125,0.3826835397330335,18,0.4779667732944496,0.3200000000000002,True
29.89,8,25.495521,0.796875,0.4819221389682177,15,0.3849442608614568,0.2200000000000002,True
35.809,15,25.60164,1.0,0.34229167638422214,20,0.4998678910382924,0.38200000000000034,True
41.785,16,25.713244,1.0,0.34918362232256417,21,0.4952507026374798,0.4300000000000004,True
43.84,10,25.786175,0.953125,0.38038819110622757,23,0.47608456451421766,0.3200000000000002,True
39.732,19,25.915372,1.0,0.3425015771514335,22,0.5154470442643144,0.5360000000000005,True
31.825,11,25.992122,1.0,0.34990073189272974,18,0.48423560353410544,0.3500000000000002,True
41.76,17,26.115258,1.0,0.3523572163007055,22,0.48425959737831686,0.4800000000000003,True
33.785,16,26.227851,1.0,0.3513993047197135,19,0.49754818151065205,0.4300000000000004,True
33.794,16,26.338465,1.0,0.35047519733874855,20,0.5251079756911927,0.41200000000000037,True
39.825,11,26.430046,1.0,0.35394582720952844,21,0.5148843116378881,0.3500000000000002,True
29.89,8,26.483263,0.796875,0.4826723213266899,16,0.37618341878668615,0.2200000000000002,True
43.825,12,26.561041,1.0,0.3459774899105439,23,0.49741062232640026,0.3500000000000003,True
39.813,14,26.65837,1.0,0.3466329892686824,21,0.4987223457499987,0.37400000000000033,True
39.748,18,26.784345,1.0,0.34506181356942933,20,0.5247635022572109,0.5040000000000004,True
43.713,21,26.947775,1.0,0.3422516488974885,22,0.5254578391373727,0.5740000000000005,True
35.824,11,27.021756,0.953125,0.37395862760257126,18,0.4415335325038393,0.3520000000000002,True
45.785,16,27.145062,1.0,0.3425546917664933,23,0.49077126380398867,0.4300000000000004,True
37.813,13,27.245435,1.0,0.3479767777975862,21,0.5158665067622143,0.37400000000000033,True
43.81,15,27.351392,1.0,0.3543117712889612,23,0.5119166697884929,0.38000000000000034,True
35.797,15,27.475747,1.0,0.3459856562682489,19,0.5025949575491779,0.40600000000000036,True
39.825,14,27.585289,1.0,0.3498628186227568,21,0.5084853243046139,0.3500000000000003,True
37.824,11,27.67579,0.953125,0.38208122860003063,21,0.49600719874553606,0.3520000000000002,True
39.809,12,27.757302,1.0,0.34312558460795095,21,0.5126356527046056,0.38200000000000023,True
37.825,14,27.866966,1.0,0.3541743507225248,19,0.5105433192453087,0.3500000000000003,True
41.809,15,27.969533,1.0,0.34696629078307817,23,0.5005592375373558,0.38200000000000034,True
33.865,9,28.028527,0.875,0.4342635929207801,19,0.44930255138516034,0.27000000000000024,True
39.809,13,28.126523,1.0,0.3471973584868946,21,0.5147900283935055,0.38200000000000034,True
31.825,11,28.209762,1.0,0.3506655223298423,18,0.5060075192691378,0.3500000000000002,True
37.786,17,28.327637,1.0,0.34589377265200005,19,0.5240437655319081,0.4280000000000004,True
37.825,13,28.423088,1.0,0.3483743037125462,21,0.48831012952432573,0.3500000000000003,True
47.798,16,28.56681,1.0,0.34809502099069695,24,0.5114725468112681,0.40400000000000036,True
35.793,16,28.684316,1.0,0.34318319932796554,18,0.5342379232186671,0.41400000000000037,True
35.801,15,28.791476,1.0,0.3404946429487773,21,0.5286148112734039,0.39800000000000035,True
39.789,16,28.928759,1.0,0.342405527197581,20,0.5254712699973418,0.4220000000000004,True
45.797,13,29.019598,1.0,0.342963337463386,23,0.5151330128746531,0.40600000000000025,True
43.813,12,29.109108,1.0,0.3475652392679256,22,0.5031777136392411,0.3740000000000002,True
39.825,14,29.208025,1.0,0.35060585036997177,20,0.5058055574807706,0.3500000000000003,True
45.825,12,29.287317,1.0,0.3513941251989919,23,0.49293156244187103,0.3500000000000003,True
41.809,14,29.385406,1.0,0.34485117019232525,23,0.5094119360844329,0.38200000000000034,True
35.825,14,29.51739,1.0,0.34893213456767447,19,0.4883723962694093,0.3500000000000003,True
37.825,13,29.612966,1.0,0.3487860584604104,19,0.5024907007360816,0.3500000000000003,True
23.89,8,29.6698,0.796875,0.4738860043255923,13,0.310423536396736,0.2200000000000002,True
41.809,12,29.756111,1.0,0.3493045975471595,22,0.5128472887928397,0.38200000000000023,True
39.785,16,29.86984,1.0,0.3490624420862525,20,0.5124335979473463,0.4300000000000004,True
41.84,10,29.936661,0.953125,0.38545120700605673,22,0.5011478619040839,0.3200000000000002,True
37.793,14,30.031852,1.0,0.3395173139733845,20,0.5283996493508661,0.41400000000000037,True
21.801,14,30.131916,1.0,0.34643061587234636,11,0.5023061770767252,0.39800000000000035,True
45.813,15,30.242579,1.0,0.34744515038685764,23,0.5100136405400979,0.37400000000000033,True
35.789,17,30.428146,1.0,0.3413982414385574,19,0.5417885890971845,0.4220000000000004,True
43.825,11,30.555213,1.0,0.3483351914701355,22,0.4978160204809662,0.3500000000000002,True
39.76,17,30.740436,1.0,0.35033918814167125,21,0.5059720924356745,0.4800000000000003,True
41.825,11,30.854139,1.0,0.35252517670873096,21,0.5024399273106983,0.3500000000000002,True
37.805,13,30.981123,1.0,0.34492170169966374,20,0.5142778931547431,0.39000000000000035,True
45.81,15,31.137478,1.0,0.3510180341442329,23,0.5020828130326472,0.38000000000000034,True
37.813,15,31.294968,1.0,0.34941604278269534,20,0.5064382263273244,0.37400000000000033,True
37.84,10,31.396263,0.953125,0.37923095137373974,19,0.46275151702374306,0.3200000000000002,True
37.797,13,31.528991,1.0,0.3405913519055173,20,0.5238944346915301,0.40600000000000025,True
39.781,16,31.70509,1.0,0.3393855991040452,20,0.5324798934061326,0.4380000000000004,True
43.813,12,31.863626,1.0,0.34521441839948064,24,0.5109076400207239,0.3740000000000002,True
37.801,16,32.044374,1.0,0.3448013212175787,19,0.5232890458191485,0.39800000000000035,True
35.825,12,32.176761,1.0,0.3499185417860559,19,0.4965433257812085,0.3500000000000003,True
39.778,17,32.357934,1.0,0.33935489361555304,20,0.5284160401134437,0.4440000000000004,True
43.797,16,32.522062,1.0,0.34027069949951916,24,0.5204237519116983,0.40600000000000036,True
45.785,16,32.691815,1.0,0.3419213652220442,23,0.5468731996787024,0.4300000000000004,True
49.825,14,32.870355,1.0,0.34983091231119473,25,0.5078158248596117,0.3500000000000003,True
45.745,18,33.073242,1.0,0.3566728642101485,23,0.5002824749474104,0.5100000000000005,True
41.825,14,33.218652,1.0,0.3574815130193397,22,0.5027805073609445,0.3500000000000003,True
39.744,18,33.405357,1.0,0.342197439263043,20,0.5088420282120075,0.5120000000000005,True
37.733,19,33.611199,1.0,0.34426289061311593,19,0.4980244726224829,0.5340000000000005,True
43.825,11,33.729808,1.0,0.34748660867786296,22,0.5074752708368241,0.3500000000000002,True
45.81,15,33.910695,1.0,0.3496646307232788,23,0.5027965256676998,0.38000000000000034,True
41.825,11,34.02493,1.0,0.35015975472633426,21,0.4979999251291456,0.3500000000000002,True
41.813,13,34.178337,1.0,0.3501615433263734,23,0.5164649219084881,0.37400000000000033,True
45.809,15,34.380116,1.0,0.34749950857398826,23,0.5094232970525652,0.38200000000000034,True
43.825,13,34.540759,1.0,0.35205278139579466,22,0.5015928627630111,0.3500000000000003,True
31.84,10,35.018272,0.953125,0.38056580531829026,18,0.5017057957138197,0.3200000000000002,True
35.765,18,35.147159,1.0,0.337417483409749,18,0.4996182334916002,0.4700000000000004,True
41.782,17,35.273826,1.0,0.3448455245600742,23,0.5303988542945433,0.4360000000000004,True
37.785,16,35.392207,1.0,0.35198270895364797,20,0.5083390807691204,0.4300000000000004,True
37.825,12,35.47874,1.0,0.34629362008547393,20,0.49971614651675667,0.3500000000000003,True
45.825,12,35.558947,1.0,0.35416518583946865,23,0.5031808154243606,0.3500000000000003,True
45.825,14,35.660379,1.0,0.35108439292458726,24,0.5045618632454977,0.3500000000000003,True
39.825,14,35.76375,1.0,0.34980963573811125,20,0.49860365884916963,0.3500000000000003,True
41.794,16,35.873545,1.0,0.3451022290595015,21,0.5079669089865623,0.41200000000000037,True
43.769,17,36.008423,1.0,0.34676501269403026,23,0.5054044318425097,0.4620000000000004,True
39.785,16,36.127108,1.0,0.3508452049820204,20,0.4963024551246126,0.4300000000000004,True
37.809,13,36.216143,1.0,0.345523850599772,19,0.5020515564329505,0.38200000000000034,True
43.84,10,36.287221,0.953125,0.38503917446310054,22,0.4842743094163104,0.3200000000000002,True
37.724,20,36.427148,1.0,0.3392506953647181,23,0.5221688691571608,0.5520000000000005,True
41.785,16,36.539179,1.0,0.34957889994682556,22,0.5110425677700038,0.4300000000000004,True
43.825,14,36.632659,1.0,0.35056066038213507,23,0.49803307586821965,0.3500000000000003,True
39.825,12,36.720208,1.0,0.35324513852769046,21,0.4803706634382416,0.3500000000000003,True
35.84,10,36.790495,0.953125,0.37970757822675993,19,0.4866260473391207,0.3200000000000002,True
45.721,20,36.927563,1.0,0.3488739490521491,23,0.5331032578922588,0.5580000000000005,True
39.825,14,37.052005,1.0,0.3463628796521634,22,0.511461745520063,0.3500000000000003,True
45.825,11,37.131393,1.0,0.3480010217453335,23,0.4936624866417704,0.3500000000000002,True
43.786,17,37.252258,1.0,0.3453155296703911,23,0.5245037770798218,0.4280000000000004,True
45.825,14,37.34938,1.0,0.3558900820785874,23,0.48163850872029307,0.3500000000000003,True
45.813,15,37.454598,1.0,0.3459812910772959,23,0.5184783368033741,0.37400000000000033,True
41.773,17,37.576549,1.0,0.3460297676713453,22,0.5165986511964513,0.4540000000000004,True
39.81,15,37.678234,1.0,0.3489047607142167,20,0.5065670909593039,0.38000000000000034,True
37.825,13,37.770357,1.0,0.35236327281364765,21,0.48985716603745616,0.3500000000000003,True
37.825,14,37.878364,1.0,0.35217983800418745,20,0.5011882228736146,0.3500000000000003,True
43.825,13,37.98378,1.0,0.34845141576737476,22,0.48466689737922625,0.3500000000000003,True
31.865,9,38.061329,0.875,0.4285336454142873,16,0.3974093448252878,0.27000000000000024,True
37.744,18,38.212167,1.0,0.34618075018706423,20,0.5011051428334399,0.5120000000000005,True
45.798,16,38.331389,1.0,0.344585834255643,23,0.49843582842171735,0.40400000000000036,True
41.825,14,38.439816,1.0,0.34904202558892483,22,0.5014657699122893,0.3500000000000003,True
41.825,12,38.533139,1.0,0.34807609879267964,22,0.5119145793654788,0.3500000000000003,True
33.825,11,38.61542,1.0,0.34508651411620944,18,0.501334997860641,0.3500000000000002,True
41.825,11,38.717655,1.0,0.35334048681710645,21,0.5059761858673478,0.3500000000000002,True
41.81,15,38.828733,1.0,0.352500611952422,21,0.4960368013131638,0.38000000000000034,True
31.697,22,38.990953,1.0,0.34139832796586433,19,0.5207802690430325,0.6060000000000005,True
33.769,17,39.126563,1.0,0.3481021932040365,20,0.506630376216009,0.4620000000000004,True
37.789,15,39.230066,1.0,0.34310161732979194,21,0.5257254988947369,0.4220000000000004,True
41.825,12,39.317574,1.0,0.35258495321605643,21,0.4951839664225232,0.3500000000000003,True
39.825,14,39.427662,1.0,0.34989368810285915,22,0.49248819034420277,0.3500000000000003,True
39.825,13,39.521718,1.0,0.35169900503711365,21,0.5068713995260186,0.3500000000000003,True
39.809,15,39.632976,1.0,0.3463062950739619,21,0.5152910963962058,0.38200000000000034,True
41.825,12,39.722924,1.0,0.35177440556792755,21,0.5157254463217972,0.3500000000000003,True
45.825,12,39.807647,1.0,0.34933169086214017,23,0.5079932588046455,0.3500000000000003,True
39.81,15,39.917367,1.0,0.35434480795497736,21,0.5017954607983657,0.38000000000000034,True
39.801,16,40.029375,1.0,0.34547319523441944,20,0.527076472182729,0.39800000000000035,True
37.794,16,40.161297,1.0,0.34673707586637315,21,0.5217125038319355,0.41200000000000037,True
37.825,12,40.241733,1.0,0.35042581077579493,20,0.5099250513632337,0.3500000000000003,True
41.81,15,40.34848,1.0,0.35053830022423915,22,0.48834684737661055,0.38000000000000034,True
27.825,12,40.43165,1.0,0.3481709098375879,17,0.49786185641889286,0.3500000000000003,True
41.81,15,40.535151,1.0,0.34918361741857684,21,0.4874908359386122,0.38000000000000034,True
43.825,12,40.616705,1.0,0.34742831342832037,23,0.501055417774533,0.3500000000000003,True
45.825,13,40.710316,1.0,0.3535163791958846,23,0.5067865041448004,0.3500000000000003,True
43.81,15,40.823382,1.0,0.3517459717910998,23,0.489710358024467,0.38000000000000034,True
37.825,11,40.905317,1.0,0.34791845377279984,20,0.5014373666912547,0.3500000000000002,True
33.825,13,41.006584,1.0,0.35000009902617,18,0.4989760701991439,0.3500000000000003,True
45.745,19,41.169844,1.0,0.3495811214344272,23,0.49288073519479086,0.5100000000000005,True
41.81,15,41.275347,1.0,0.34867141723486306,22,0.5105953346240081,0.38000000000000034,True
21.785,16,41.382678,1.0,0.3543510791991553,14,0.5014649076603486,0.4300000000000004,True
41.793,16,41.493026,1.0,0.3412650353491997,22,0.5242567829031068,0.41400000000000037,True
39.825,13,41.579266,1.0,0.3465405070477947,22,0.5119534251293283,0.3500000000000003,True
45.809,15,41.679143,1.0,0.34551540035947736,23,0.5044925204186653,0.38200000000000034,True
39.801,15,41.78545,1.0,0.34552408448608524,21,0.52311055341378,0.39800000000000035,True
39.801,15,41.888043,1.0,0.3402054474822578,22,0.5287325433485882,0.39800000000000035,True
39.809,14,41.996117,1.0,0.34905499658007033,22,0.5036904701695385,0.38200000000000034,True
37.798,16,42.117167,1.0,0.3485887326960282,19,0.5005225797042032,0.40400000000000036,True
37.798,16,42.246223,1.0,0.3446934906496669,20,0.5215084502755813,0.40400000000000036,True
39.825,14,42.348088,1.0,0.35545679005571273,21,0.4992910859056737,0.3500000000000003,True
41.825,14,42.441547,1.0,0.3501550068920655,21,0.5101208763939729,0.3500000000000003,True
47.801,16,42.550967,1.0,0.3427180050370357,24,0.5195053250906174,0.39800000000000035,True
43.825,13,42.638837,1.0,0.3551365024545357,22,0.48426797618057116,0.3500000000000003,True
41.733,19,42.778532,1.0,0.34622037617907864,21,0.4980943967239302,0.5340000000000005,True
39.809,13,42.876048,1.0,0.34308249487573506,21,0.5023285777738626,0.38200000000000034,True
39.824,12,42.968142,0.953125,0.36993267479747477,21,0.4992346168806978,0.3520000000000002,True
41.84,10,43.042512,0.953125,0.38655982946168377,22,0.4901569877237896,0.3200000000000002,True
41.794,16,43.164916,1.0,0.34893441060727326,22,0.509811909381783,0.41200000000000037,True
37.769,17,43.30113,1.0,0.34998408162630046,22,0.5008701843615183,0.4620000000000004,True
35.769,17,43.422171,1.0,0.34478095546411863,18,0.524842043566938,0.4620000000000004,True
43.717,20,43.562133,1.0,0.34606418315832516,22,0.5099789985295946,0.5660000000000005,True
39.785,16,43.671218,1.0,0.35162391753341005,20,0.5197812057258784,0.4300000000000004,True
39.757,18,43.795882,1.0,0.34222823656261714,22,0.5164382141745721,0.48600000000000043,True
35.825,14,43.894991,1.0,0.3523746834460788,20,0.4957340344898681,0.3500000000000003,True
47.84,10,43.963207,0.953125,0.38235071135730525,25,0.5055628977930937,0.3200000000000002,True
43.825,13,44.050002,1.0,0.3567993348075159,24,0.48635484543982144,0.3500000000000003,True
39.809,15,44.497459,1.0,0.34529800279049877,21,0.5201405123519912,0.38200000000000034,True
39.805,14,44.602687,1.0,0.3469891828287488,20,0.5082163701574585,0.39000000000000035,True
37.81,15,44.764187,1.0,0.3520878515048189,20,0.4856277740025658,0.38000000000000034,True
39.825,14,44.923104,1.0,0.3496168327938065,20,0.48490063186780896,0.3500000000000003,True
33.825,14,45.065696,1.0,0.35132326563820787,20,0.5008981071202203,0.3500000000000003,True
33.794,16,45.225071,1.0,0.34808673166436044,18,0.5154155482505628,0.41200000000000037,True
43.825,14,45.381543,1.0,0.35048115377862077,22,0.5070599921279529,0.3500000000000003,True
41.813,14,45.533008,1.0,0.3496424023278092,23,0.49850652621566205,0.37400000000000033,True
41.81,15,45.696307,1.0,0.3488960932750929,23,0.48815516081035343,0.38000000000000034,True
39.825,11,45.803898,1.0,0.352440405468204,20,0.5070503877244577,0.3500000000000002,True
29.697,23,46.037293,1.0,0.3413701056012896,15,0.5190599939483469,0.6060000000000005,True
43.825,12,46.184406,1.0,0.35593605404415196,23,0.5063967953731618,0.3500000000000003,True
41.825,13,46.319826,1.0,0.3531497432517998,21,0.5197035480075194,0.3500000000000003,True
41.798,16,46.492462,1.0,0.35004119609649265,21,0.5285178319968783,0.40400000000000036,True
41.798,16,46.649004,1.0,0.34951238092519277,21,0.491902672930819,0.40400000000000036,True
43.825,11,46.759495,1.0,0.34837683476320047,22,0.510517765846353,0.3500000000000002,True
43.81,15,46.901883,1.0,0.35129945065131024,22,0.5061957679999456,0.38000000000000034,True
39.825,12,47.034908,1.0,0.3515730585612996,21,0.5025818338347829,0.3500000000000003,True
37.817,15,47.192206,1.0,0.34931683624557186,21,0.5139594624000506,0.3660000000000003,True
29.825,14,47.331935,1.0,0.35035154362412413,18,0.5059461393391541,0.3500000000000003,True
41.801,16,47.496661,1.0,0.3443317253116833,23,0.5174885480067514,0.39800000000000035,True
41.825,13,47.624355,1.0,0.35105850553317164,22,0.4907895145640191,0.3500000000000003,True
25.84,10,47.72425,0.953125,0.37686885643965873,15,0.43762560846138476,0.3200000000000002,True
35.813,15,47.895455,1.0,0.3469870721023993,20,0.5081617522906805,0.37400000000000033,True
41.825,12,48.024269,1.0,0.3523782916359949,23,0.49743424957684923,0.3500000000000003,True
39.813,15,48.200687,1.0,0.3477930498164714,21,0.5248171527947524,0.37400000000000033,True
43.797,14,48.421778,1.0,0.3399147352148582,22,0.5171242853037215,0.40600000000000036,True
37.825,13,48.956448,1.0,0.3499095380892594,20,0.5216177796857351,0.3500000000000003,True
41.797,16,49.1491,1.0,0.3470603491978942,22,0.5311624941005875,0.40600000000000036,True
35.813,13,49.239958,1.0,0.34947242052594857,21,0.5001578846473184,0.37400000000000033,True
43.797,16,49.368293,1.0,0.3455146056020898,22,0.5091092728256852,0.40600000000000036,True
41.728,19,49.494627,1.0,0.3451531140894761,22,0.5077655167170927,0.5440000000000005,True
43.794,16,49.605543,1.0,0.3508775328454612,24,0.5049367024576701,0.41200000000000037,True
37.782,17,49.738003,1.0,0.34343604781449244,21,0.5088471219103906,0.4360000000000004,True
41.813,15,49.841552,1.0,0.3500990180324207,22,0.5036215187763269,0.37400000000000033,True
33.825,12,49.925034,1.0,0.3500812476280996,19,0.4994330076788099,0.3500000000000003,True
47.766,18,50.046223,1.0,0.3367466345015201,24,0.5228403694653645,0.4680000000000004,True
43.801,16,50.16339,1.0,0.34110600846195016,22,0.5185659003958917,0.39800000000000035,True
39.809,15,50.269433,1.0,0.34207084611869376,20,0.5086824430873628,0.38200000000000034,True
37.794,16,50.38297,1.0,0.34110387214278626,19,0.5069647367988265,0.41200000000000037,True
45.773,17,50.49817,1.0,0.35119465315141796,24,0.5229348279426463,0.4540000000000004,True
35.744,18,50.623335,1.0,0.3478975375258463,19,0.4987244493485149,0.5120000000000005,True
39.813,14,50.738064,1.0,0.346663112291664,21,0.5152802983503219,0.37400000000000033,True
39.825,14,50.839054,1.0,0.352837070413975,20,0.49853155874837707,0.3500000000000003,True
45.797,14,50.937448,1.0,0.33814366119958494,25,0.5246554730454134,0.40600000000000036,True
35.809,15,51.042251,1.0,0.3500603898405321,18,0.5121480581568547,0.38200000000000034,True
29.797,15,51.153313,1.0,0.3413509384687188,16,0.5257686193524542,0.40600000000000036,True
37.825,14,51.249171,1.0,0.3473043689932362,21,0.4852385116048913,0.3500000000000003,True
47.825,11,51.325686,1.0,0.35026705596010943,24,0.5137327283164708,0.3500000000000002,True
39.825,12,51.411773,1.0,0.3491860308161271,23,0.5108846176917413,0.3500000000000003,True
35.813,15,51.513766,1.0,0.3426471742939654,19,0.4867371123077958,0.37400000000000033,True
37.798,16,51.629845,1.0,0.3491984536248604,20,0.5177817230068779,0.40400000000000036,True
41.797,16,51.765118,1.0,0.33865339485583573,21,0.5170278816568025,0.40600000000000036,True
39.825,14,51.865709,1.0,0.3484338550435429,22,0.5007673026314919,0.3500000000000003,True
35.765,18,51.997215,1.0,0.3342544983596647,20,0.5236119743728362,0.4700000000000004,True
41.813,15,52.103585,1.0,0.34564470017921745,21,0.5214586485580036,0.37400000000000033,True
41.809,14,52.202793,1.0,0.3423627253379935,23,0.5096526089618758,0.38200000000000034,True
35.825,14,52.304208,1.0,0.3509131301168808,18,0.5023724392287033,0.3500000000000003,True
43.801,16,52.415161,1.0,0.3449342205661396,22,0.49448127346178455,0.39800000000000035,True
45.781,15,52.518036,1.0,0.34695028076032197,24,0.5164713504400582,0.4380000000000004,True
43.825,13,52.606212,1.0,0.35462106487861683,23,0.5081734820415837,0.3500000000000003,True
37.825,12,52.69499,1.0,0.35261135079683315,19,0.49360243023293243,0.3500000000000003,True
39.809,15,52.814659,1.0,0.3422162882584329,22,0.516401938634599,0.38200000000000034,True
35.809,15,52.918155,1.0,0.3508410862982847,19,0.5052915518793127,0.38200000000000034,True
43.801,15,53.02347,1.0,0.3477125683087846,22,0.505204028980008,0.39800000000000035,True
39.809,12,53.112468,1.0,0.34364642814041013,21,0.5143362303444989,0.38200000000000023,True
41.813,15,53.222905,1.0,0.34684846131733393,21,0.4953748160951845,0.37400000000000033,True
35.825,11,53.297815,1.0,0.3500697699080286,18,0.48703771112620103,0.3500000000000002,True
41.825,13,53.392446,1.0,0.35305326991904074,23,0.4965853625848119,0.3500000000000003,True
39.825,12,53.472054,1.0,0.3508503188156662,20,0.511347189954071,0.3500000000000003,True
37.825,13,53.562206,1.0,0.3497269618651556,21,0.5058022646344094,0.3500000000000003,True
39.809,14,53.657623,1.0,0.34760196678584454,21,0.512927378652578,0.38200000000000034,True
39.76,17,53.77468,1.0,0.35338576814754286,20,0.5079803427742489,0.4800000000000003,True
37.809,15,53.892697,1.0,0.3468485175217282,20,0.5278417961292308,0.38200000000000034,True
43.729,19,54.021473,1.0,0.348988296787836,22,0.4965898459341781,0.5420000000000005,True
43.793,16,54.135801,1.0,0.34672214857225525,23,0.5166109909679557,0.41400000000000037,True
39.825,14,54.232929,1.0,0.35087281974386086,20,0.49652923513236347,0.3500000000000003,True
37.745,19,54.362503,1.0,0.35120257813645284,20,0.49756278551917166,0.5100000000000005,True
33.825,12,54.449801,1.0,0.3491876136261802,17,0.5028185502927591,0.3500000000000003,True
33.773,17,54.565783,1.0,0.34564394259116427,17,0.5204505873060393,0.4540000000000004,True
37.805,15,54.667218,1.0,0.34164525909485177,20,0.5325263772671549,0.39000000000000035,True
43.825,14,54.767401,1.0,0.3485716449604931,22,0.5082123874153243,0.3500000000000003,True
41.813,15,54.882066,1.0,0.341857816213029,21,0.5160070039145708,0.37400000000000033,True
37.801,15,54.985253,1.0,0.34618341059644714,21,0.5261399879452251,0.39800000000000035,True
39.777,15,55.088962,1.0,0.3468011166762035,21,0.5087089387311569,0.4460000000000004,True
43.793,15,55.479721,1.0,0.34445150944484937,23,0.5151962982757066,0.41400000000000037,True
37.797,16,55.590129,1.0,0.3427504039449843,19,0.5441679421349442,0.40600000000000036,True
33.825,12,55.672479,1.0,0.3476118397969353,18,0.5078868339860652,0.3500000000000003,True
41.825,12,55.759062,1.0,0.35203822508976657,22,0.4928727661130694,0.3500000000000003,True
43.825,12,55.840386,1.0,0.3544867156545224,22,0.479797879881564,0.3500000000000003,True
39.813,12,55.9399,1.0,0.34953673817096276,20,0.5154638252086298,0.3740000000000002,True
43.801,15,56.045218,1.0,0.3392192367657578,22,0.5180951736296342,0.39800000000000035,True
43.813,13,56.145907,1.0,0.3461065971236017,23,0.5179475503054662,0.37400000000000033,True
35.825,13,56.241249,1.0,0.3517581758213303,20,0.5055414633184989,0.3500000000000003,True
41.769,17,56.366423,1.0,0.3348920475487246,23,0.5378117847559571,0.4620000000000004,True
39.824,11,56.452769,0.953125,0.37661560401287575,20,0.44910318844502384,0.3520000000000002,True
41.813,15,56.564968,1.0,0.3510413965738797,23,0.5251355516782154,0.37400000000000033,True
33.825,14,56.669137,1.0,0.3468127617309108,17,0.5235730485493366,0.3500000000000003,True
37.825,14,56.776937,1.0,0.3505388195550839,20,0.5080024452437757,0.3500000000000003,True
39.793,15,56.885943,1.0,0.3440264860772813,21,0.5220654075232901,0.41400000000000037,True
43.809,15,57.008905,1.0,0.35059938814109914,23,0.5031374508751303,0.38200000000000034,True
41.809,13,57.106479,1.0,0.3435884144333717,21,0.5005109067239525,0.38200000000000034,True
41.825,13,57.212795,1.0,0.34871239475213733,23,0.4887600078070592,0.3500000000000003,True
45.825,12,57.304744,1.0,0.35312909785459967,24,0.5017973997788985,0.3500000000000003,True
29.825,12,57.395301,1.0,0.3524727922485055,17,0.5191314955227402,0.3500000000000003,True
39.825,13,57.48925,1.0,0.3515787511554617,20,0.48689023947039156,0.3500000000000003,True
41.825,11,57.570181,1.0,0.35294230984375596,22,0.5166966398057962,0.3500000000000002,True
31.825,14,57.673095,1.0,0.3486538793710251,19,0.5078587652970105,0.3500000000000003,True
37.813,14,57.771002,1.0,0.3443209497221381,21,0.5016421430430397,0.37400000000000033,True
41.809,14,57.864073,1.0,0.345810435945,23,0.5180629457890412,0.38200000000000034,True
39.794,16,57.996651,1.0,0.34792236730724146,20,0.4966285465489999,0.41200000000000037,True
41.797,15,58.118025,1.0,0.33946328096051726,23,0.5040446942883862,0.40600000000000036,True
35.721,21,58.277174,1.0,0.32916353998026615,19,0.5329405893270645,0.5580000000000005,True
37.81,15,58.393284,1.0,0.35122385160025216,20,0.5040579885001656,0.38000000000000034,True
35.793,15,58.510635,1.0,0.3443684920727769,21,0.4885016192407805,0.41400000000000037,True
35.825,13,58.61558,1.0,0.34656717360840983,19,0.5149065290296527,0.3500000000000003,True
43.793,15,58.72396,1.0,0.34665609241269274,22,0.5083015312917737,0.41400000000000037,True
43.828,11,58.806517,0.953125,0.37890327096352094,22,0.52443202195696,0.3440000000000002,True
37.84,10,58.875858,0.953125,0.3806306055194222,20,0.49656268494679245,0.3200000000000002,True
43.809,15,58.988535,1.0,0.3451010823953472,24,0.49677540955520505,0.38200000000000034,True
43.825,13,59.142854,1.0,0.34993128510337834,23,0.4955766537192655,0.3500000000000003,True
43.809,14,59.302904,1.0,0.3461205289280685,24,0.5311195529155485,0.38200000000000034,True
45.825,12,59.444265,1.0,0.3493475302736536,24,0.5031220692929792,0.3500000000000003,True
45.777,15,59.620085,1.0,0.334673641271391,23,0.5208614291951398,0.4460000000000004,True
35.825,14,59.804118,1.0,0.35454693626417566,19,0.4927496413208735,0.3500000000000003,True
35.809,14,59.945126,1.0,0.3489264263280903,19,0.5079880550388677,0.38200000000000034,True
37.785,15,60.120494,1.0,0.33662766528735655,20,0.5307000959518602,0.4300000000000004,True
45.801,14,60.262403,1.0,0.34297909124635445,24,0.5390696271957949,0.39800000000000035,True
33.825,13,60.396845,1.0,0.3472525328225172,18,0.5108259438923416,0.3500000000000003,True
31.793,15,60.552712,1.0,0.3444209637871575,19,0.5253907708486382,0.41400000000000037,True
39.805,12,60.686092,1.0,0.34671364337897426,20,0.5072507215851609,0.39000000000000024,True
43.809,13,60.82757,1.0,0.3452356180685653,24,0.5154909013286528,0.38200000000000034,True
39.825,11,60.944487,1.0,0.3506958594772719,20,0.4738856785332548,0.3500000000000002,True
43.801,15,61.108389,1.0,0.34478858571294835,22,0.5092640854387676,0.39800000000000035,True
31.825,11,61.234522,1.0,0.3462355038630751,16,0.5224898655563611,0.3500000000000002,True
37.777,17,61.407242,1.0,0.34082554723841696,20,0.534986140427634,0.4460000000000004,True
39.809,15,61.562202,1.0,0.3457520553241543,22,0.5032081432514779,0.38200000000000034,True
43.777,16,61.718367,1.0,0.3433059446379261,22,0.5324660541190382,0.4460000000000004,True
45.813,14,61.854913,1.0,0.3492166836999668,23,0.49228073926457017,0.37400000000000033,True
35.813,14,62.002236,1.0,0.3441213480589767,20,0.49213943761294654,0.37400000000000033,True
41.809,15,62.161465,1.0,0.3461703796387745,22,0.5414425731802809,0.38200000000000034,True
41.785,16,62.354304,1.0,0.3545021394470678,21,0.48584119012604093,0.4300000000000004,True
45.825,13,62.494638,1.0,0.34863713814125274,25,0.48958643435568777,0.3500000000000003,True
47.825,13,62.623796,1.0,0.3515641263002625,24,0.48745225748372994,0.3500000000000003,True
37.825,14,62.784148,1.0,0.3494224678550952,20,0.5148420431616265,0.3500000000000003,True
45.825,13,62.955364,1.0,0.35130006617796505,23,0.5033867880218668,0.3500000000000003,True
39.793,15,63.140915,1.0,0.34338006391171483,20,0.512502090294399,0.41400000000000037,True
39.813,15,63.329744,1.0,0.3512904525454664,20,0.5144195251187119,0.37400000000000033,True
43.733,19,63.501328,1.0,0.3495974226463107,22,0.5054435575030266,0.5340000000000005,True
41.729,19,63.628629,1.0,0.3499106244563331,22,0.5137317824702529,0.5420000000000005,True
35.781,17,63.743313,1.0,0.3398963884290502,20,0.5232205410947925,0.4380000000000004,True
33.809,15,63.84788,1.0,0.3478326949689295,21,0.5051722196347777,0.38200000000000034,True
27.733,19,63.981301,1.0,0.3478885227236563,17,0.4974931975825921,0.5340000000000005,True
33.745,18,64.106778,1.0,0.34787291402030673,18,0.512290864329483,0.5100000000000005,True
37.809,13,64.19577,1.0,0.34874862526694095,21,0.5054587436483471,0.38200000000000034,True
41.809,14,64.295504,1.0,0.34347188154747765,21,0.5087779928568535,0.38200000000000034,True
35.813,14,64.407777,1.0,0.34579019407513834,20,0.49573882033019256,0.37400000000000033,True
39.825,13,64.501146,1.0,0.3513474288979066,20,0.49346850917043245,0.3500000000000003,True
31.825,13,64.589714,1.0,0.35130426749115884,19,0.49390697727568444,0.3500000000000003,True
27.813,14,64.684283,1.0,0.3444008323294806,15,0.5139508486230132,0.37400000000000033,True
33.825,14,64.781668,1.0,0.3479945631669913,20,0.5019731751705746,0.3500000000000003,True
41.813,14,64.889598,1.0,0.3450576109495329,22,0.5044877879763976,0.37400000000000033,True
39.825,13,64.988868,1.0,0.3531193381912632,20,0.4951790454738276,0.3500000000000003,True
33.721,20,65.137414,1.0,0.3330583712022087,19,0.5457199830874556,0.5580000000000005,True
37.797,15,65.241157,1.0,0.34570545712887424,21,0.5174087664779617,0.40600000000000036,True
37.825,12,65.326678,1.0,0.35067575035910004,21,0.5090994177052806,0.3500000000000003,True
35.825,12,65.428609,1.0,0.35492896620622993,19,0.5233194316497725,0.3500000000000003,True
41.825,12,65.52721,1.0,0.34871931514145527,21,0.5087632638678741,0.3500000000000003,True
43.809,13,65.647192,1.0,0.34666442400337816,23,0.5152315048789253,0.38200000000000034,True
39.813,14,65.937227,1.0,0.34919307900150165,21,0.5086163176560583,0.37400000000000033,True
45.809,15,66.040859,1.0,0.3476043829544535,23,0.5095031453300275,0.38200000000000034,True
41.809,15,66.148461,1.0,0.34629467394558855,21,0.5248238027714047,0.38200000000000034,True
35.825,13,66.237139,1.0,0.35236778656638307,18,0.4946046590268568,0.3500000000000003,True
37.825,13,66.326466,1.0,0.3505107924253593,20,0.5137348000890928,0.3500000000000003,True
39.809,15,66.789019,1.0,0.34627268170484643,21,0.5107840600105196,0.38200000000000034,True
39.797,15,66.904846,1.0,0.3433979390212386,23,0.4956961341572468,0.40600000000000036,True
37.81,15,67.018884,1.0,0.3532601226652018,20,0.49333304645031395,0.38000000000000034,True
37.817,14,67.131303,1.0,0.3496316878237755,19,0.5113436493294802,0.3660000000000003,True
41.798,16,67.251434,1.0,0.3517200039463012,21,0.5229971674201479,0.40400000000000036,True
33.785,16,67.363988,1.0,0.35094540388773277,18,0.5015890416411464,0.4300000000000004,True
41.825,13,67.453676,1.0,0.3453256732667852,22,0.5130164346924864,0.3500000000000003,True
43.825,12,67.556697,1.0,0.3511219828621083,22,0.5234156518419247,0.3500000000000003,True
43.825,12,67.634841,1.0,0.34878293383944103,22,0.4830010113287662,0.3500000000000003,True
37.809,15,67.739906,1.0,0.34575106474156303,19,0.515402969778362,0.38200000000000034,True
31.745,18,67.868464,1.0,0.352500423716205,20,0.5117757037932347,0.5100000000000005,True
41.754,19,68.010599,1.0,0.33403177672854717,21,0.5308776340261055,0.49200000000000044,True
37.794,16,68.126543,1.0,0.3529936239226359,20,0.5047801558057179,0.41200000000000037,True
39.797,16,68.242615,1.0,0.34293897356967473,20,0.5401100171483374,0.40600000000000036,True
41.825,14,68.347034,1.0,0.3491132379607864,22,0.5062586877225127,0.3500000000000003,True
39.809,15,68.452718,1.0,0.3469630552837858,21,0.5199247794574315,0.38200000000000034,True
41.825,13,68.567086,1.0,0.3483027086397835,22,0.5040352655263812,0.3500000000000003,True
37.72,20,68.709585,1.0,0.34071143720403296,20,0.5311424173430572,0.5600000000000005,True
31.825,12,68.8124,1.0,0.35232489744301476,19,0.5108881378032778,0.3500000000000003,True
41.809,15,68.936525,1.0,0.34240282152501395,23,0.5110448007631305,0.38200000000000034,True
47.786,17,69.077942,1.0,0.3396754144984787,24,0.5084351592816803,0.4280000000000004,True
49.805,15,69.186865,1.0,0.3471305812785768,25,0.506521895033001,0.39000000000000035,True
33.809,15,69.290926,1.0,0.34246380524250486,18,0.5207059072679499,0.38200000000000034,True
31.81,15,69.403847,1.0,0.35235441859254707,16,0.48267297472847354,0.38000000000000034,True
39.81,15,69.511377,1.0,0.35303449590340585,21,0.5065363558220672,0.38000000000000034,True
39.825,13,69.62739,1.0,0.35177999749116073,22,0.49503738636060507,0.3500000000000003,True
43.825,12,69.712215,1.0,0.35222673836727614,24,0.49485623874980256,0.3500000000000003,True
41.813,15,69.816882,1.0,0.35135375672002,22,0.4970428833157276,0.37400000000000033,True
35.813,15,69.937716,1.0,0.34737212884671087,19,0.496741688055288,0.37400000000000033,True
39.825,14,70.035369,1.0,0.3503064644546041,21,0.4942213489455066,0.3500000000000003,True
31.79,16,70.147619,1.0,0.34638534545840655,18,0.5127156735207751,0.4200000000000004,True
37.825,13,70.238587,1.0,0.35219988167523275,21,0.5103244999666805,0.3500000000000003,True
43.794,16,70.345709,1.0,0.3504839358775459,23,0.5166592909104871,0.41200000000000037,True
41.825,13,70.43684,1.0,0.35125910763870705,22,0.4992564264386915,0.3500000000000003,True
43.809,15,70.542419,1.0,0.35066136093953915,23,0.5153748808042848,0.38200000000000034,True
37.825,13,70.651142,1.0,0.3533075693505504,20,0.49813362958258306,0.3500000000000003,True
39.825,14,70.754088,1.0,0.3472563519645451,22,0.4930780707841921,0.3500000000000003,True
35.825,14,70.848195,1.0,0.3510745119201314,20,0.4984913009793204,0.3500000000000003,True
43.825,13,70.938086,1.0,0.3543434593814717,22,0.5015401330718603,0.3500000000000003,True
37.825,14,71.038118,1.0,0.3503140985397524,19,0.48914816297198027,0.3500000000000003,True
33.825,14,71.144856,1.0,0.34789595840726584,19,0.5063998169331259,0.3500000000000003,True
39.813,14,71.233435,1.0,0.34903660263442793,22,0.5187756670183099,0.37400000000000033,True
37.825,14,71.329664,1.0,0.35095424906685085,19,0.49234480345019505,0.3500000000000003,True
43.797,16,71.435525,1.0,0.3435253823723359,23,0.5026981723328369,0.40600000000000036,True
31.79,17,71.551258,1.0,0.34295121875253054,18,0.5263176242496634,0.4200000000000004,True
39.802,16,71.663074,1.0,0.34874506313884057,21,0.507641462416113,0.39600000000000035,True
39.798,16,71.779299,1.0,0.3495215096881457,23,0.5113166025819144,0.40400000000000036,True
37.809,14,71.877356,1.0,0.3441782068698459,20,0.5077716194075401,0.38200000000000034,True
33.794,16,71.983479,1.0,0.345402612065152,18,0.515496770711305,0.41200000000000037,True
35.81,15,72.094794,1.0,0.3564386252958785,19,0.4995628521161857,0.38000000000000034,True
39.774,17,72.213233,1.0,0.3449355623319403,21,0.5330394236223783,0.4520000000000004,True
47.825,14,72.32676,1.0,0.3480915719036177,24,0.49094690779056205,0.3500000000000003,True
39.797,14,72.429955,1.0,0.34351199945231836,21,0.5006545072771973,0.40600000000000036,True
43.825,14,72.535631,1.0,0.35266928549761056,22,0.49631892506657327,0.3500000000000003,True
39.825,13,72.628411,1.0,0.3534200297534408,21,0.49565315891721373,0.3500000000000003,True
39.825,13,72.733935,1.0,0.347969751440532,20,0.48878174908083427,0.3500000000000003,True
41.825,13,72.82682,1.0,0.3534417687212594,23,0.5217507230599525,0.3500000000000003,True
41.825,14,72.933176,1.0,0.3464008213884181,21,0.4895169075718067,0.3500000000000003,True
37.825,12,73.014967,1.0,0.3449952561942563,21,0.5078247287711973,0.3500000000000003,True
37.797,14,73.120716,1.0,0.3493823970218421,22,0.505995622224588,0.40600000000000036,True
35.825,13,73.208172,1.0,0.3527451510045298,18,0.48715951655059003,0.3500000000000003,True
31.797,16,73.318469,1.0,0.3452533256227444,18,0.5011338701604099,0.40600000000000036,True
41.825,12,73.401133,1.0,0.34998638056645687,22,0.5138047463274703,0.3500000000000003,True
43.809,15,73.567307,1.0,0.35464452823273895,22,0.4968283041385722,0.38200000000000034,True
45.809,14,73.710094,1.0,0.3506333285878445,23,0.5073651788618697,0.38200000000000034,True
35.825,14,73.867085,1.0,0.35355471161292296,18,0.4959621860106912,0.3500000000000003,True
33.813,15,74.011523,1.0,0.3463374927214481,18,0.532145254769029,0.37400000000000033,True
41.825,14,74.158649,1.0,0.3510507261378949,23,0.4841794155847556,0.3500000000000003,True
37.825,14,74.303335,1.0,0.3500423089567782,20,0.5084613328328896,0.3500000000000003,True
39.797,16,74.466387,1.0,0.34136231688648844,21,0.5255549937078795,0.40600000000000036,True
27.786,17,74.628706,1.0,0.3470447739632057,16,0.5210358711471008,0.4280000000000004,True
33.825,14,74.765725,1.0,0.35232383348790763,19,0.5072993050862584,0.3500000000000003,True
39.781,15,74.940733,1.0,0.3363415476054213,22,0.5322727838595432,0.4380000000000004,True
39.825,12,75.086379,1.0,0.35230471173654876,20,0.5117438437085584,0.3500000000000003,True
43.809,14,75.245492,1.0,0.3471469118650672,22,0.518520782617916,0.38200000000000034,True
43.817,12,75.369358,1.0,0.34583274925566687,22,0.5261116247996988,0.3660000000000002,True
37.809,14,75.522635,1.0,0.35038931825735414,20,0.5114367820700946,0.38200000000000034,True
39.809,15,75.666048,1.0,0.3477721187379501,20,0.5174531198489517,0.38200000000000034,True
45.825,12,75.784458,1.0,0.35307987760484716,23,0.5077366718005459,0.3500000000000003,True
39.809,14,75.937207,1.0,0.34614813495243224,21,0.5026982413717791,0.38200000000000034,True
47.797,13,76.066608,1.0,0.3428990074546845,24,0.5415659519795921,0.40600000000000025,True
41.825,11,76.179184,1.0,0.3478437513927301,22,0.5023109006761717,0.3500000000000002,True
35.817,14,76.319801,1.0,0.3499164308602932,19,0.5125451376252395,0.3660000000000003,True
41.825,11,76.424735,1.0,0.35332720164039355,23,0.5113223473523043,0.3500000000000002,True
35.812,12,76.556398,0.953125,0.37577992335737276,20,0.45557818469844685,0.3760000000000002,True
37.825,11,76.681448,1.0,0.34913651737506424,21,0.4891451786144875,0.3500000000000002,True
43.825,14,76.819431,1.0,0.3535201707839626,23,0.5051582784763825,0.3500000000000003,True
37.797,16,77.493397,1.0,0.3518524784269925,20,0.5124753650160526,0.40600000000000036,True
39.825,13,77.649154,1.0,0.3507192631281597,22,0.5059742960957153,0.3500000000000003,True
33.813,14,77.751848,1.0,0.34902710722670616,19,0.5131965843986332,0.37400000000000033,True
37.825,11,77.838864,1.0,0.34845834379800594,19,0.5050482253030163,0.3500000000000002,True
37.81,15,77.946689,1.0,0.35203029306153555,19,0.5071292353043942,0.38000000000000034,True
35.825,13,78.036539,1.0,0.3515349458117906,19,0.49437887923542395,0.3500000000000003,True
43.793,15,78.165243,1.0,0.34621012114827243,22,0.5335937316045121,0.41400000000000037,True
35.825,14,78.263861,1.0,0.34797176541868197,21,0.4878654430926022,0.3500000000000003,True
41.825,13,78.364186,1.0,0.34861540280117775,23,0.5058211977769147,0.3500000000000003,True
45.825,11,78.449557,1.0,0.35209235786303233,24,0.49485768455118334,0.3500000000000002,True
37.805,14,78.560595,1.0,0.3486273274314238,20,0.5195575206519047,0.39000000000000035,True
33.81,15,78.66655,1.0,0.3528116906539518,20,0.4784309555411238,0.38000000000000034,True
31.809,14,78.771205,1.0,0.34550175895188234,19,0.4906214579098902,0.38200000000000034,True
41.825,13,78.863941,1.0,0.3482109271208069,22,0.4970011862001592,0.3500000000000003,True
31.825,14,78.961166,1.0,0.3464663846194116,17,0.5109238753028625,0.3500000000000003,True
35.809,14,79.057566,1.0,0.34942297998276634,20,0.5225611203725696,0.38200000000000034,True
41.825,13,79.190238,1.0,0.34865869962379326,22,0.49883495035271286,0.3500000000000003,True
49.825,13,79.320083,1.0,0.3581255224712955,25,0.5014578902263106,0.3500000000000003,True
29.825,13,79.427802,1.0,0.35508006842817685,15,0.5165111752850556,0.3500000000000003,True
39.801,16,79.53908,1.0,0.3466534455660936,20,0.49756739286530255,0.39800000000000035,True
37.766,18,79.678445,1.0,0.3361736276316153,20,0.5306485106494271,0.4680000000000004,True
39.797,16,79.786902,1.0,0.34614044223497,20,0.5251085632355611,0.40600000000000036,True
39.825,12,79.86939,1.0,0.35165544682877387,22,0.4990657669334968,0.3500000000000003,True
43.809,13,79.958067,1.0,0.3489356465209019,24,0.5020522615371965,0.38200000000000034,True
41.761,16,80.078958,1.0,0.3388829810708939,23,0.5601185945548466,0.4780000000000004,True
41.825,12,80.167167,1.0,0.3530846426967491,22,0.49155673981801346,0.3500000000000003,True
47.801,14,80.271427,1.0,0.34283925168333207,24,0.5180591720737489,0.39800000000000035,True
37.825,14,80.387132,1.0,0.3534379568510674,19,0.5154556587707548,0.3500000000000003,True
41.793,16,80.4969,1.0,0.34568940921287994,22,0.529732840047677,0.41400000000000037,True
41.809,15,80.603402,1.0,0.3573161095930492,21,0.48342814665008504,0.38200000000000034,True
43.825,13,80.691426,1.0,0.3539589951298865,22,0.48943579021731737,0.3500000000000003,True
35.825,13,80.784297,1.0,0.349900095637875,19,0.48622369284654066,0.3500000000000003,True
41.825,14,80.887995,1.0,0.354099177607736,21,0.4892161690184113,0.3500000000000003,True
37.825,14,80.985621,1.0,0.349816210149951,19,0.486802143066673,0.3500000000000003,True
35.813,15,81.088054,1.0,0.3503766796233226,20,0.4908641370774491,0.37400000000000033,True
45.825,12,81.170468,1.0,0.3469153412482295,24,0.5069611293356509,0.3500000000000003,True
41.825,13,81.272437,1.0,0.3545552089262832,21,0.5133279378940229,0.3500000000000003,True
35.825,14,81.369659,1.0,0.3548246575568643,18,0.5265247673692557,0.3500000000000003,True
39.809,13,81.462593,1.0,0.34792581603393,23,0.5064944781832704,0.38200000000000034,True
43.809,15,81.571414,1.0,0.34740381306528345,23,0.5329172602054763,0.38200000000000034,True
39.825,13,81.658525,1.0,0.34865895122058166,20,0.49237574157878694,0.3500000000000003,True
37.825,14,81.756983,1.0,0.3536590283173776,20,0.4983674992330786,0.3500000000000003,True
41.785,15,81.858386,1.0,0.3402739247959551,23,0.5010392669090297,0.4300000000000004,True
37.809,15,81.964377,1.0,0.34832483311055173,19,0.5152482347133747,0.38200000000000034,True
33.825,14,82.060153,1.0,0.3467212216014986,19,0.5050721831324396,0.3500000000000003,True
35.797,15,82.167262,1.0,0.3461596403983487,20,0.5183077016000615,0.40600000000000036,True
39.825,14,82.282789,1.0,0.35185993161198076,20,0.5021732438478372,0.3500000000000003,True
41.825,12,82.370832,1.0,0.34704795825394963,21,0.4962297117576986,0.3500000000000003,True
37.809,15,82.477466,1.0,0.34294691713578845,22,0.5021962403162588,0.38200000000000034,True
41.817,14,82.576173,1.0,0.34612712999575745,22,0.5083176359277751,0.3660000000000003,True
37.825,13,82.665841,1.0,0.3513260181436397,21,0.4899404115565673,0.3500000000000003,True
43.797,16,82.775697,1.0,0.3402552942900512,23,0.532161596024565,0.40600000000000036,True
45.809,14,82.878417,1.0,0.34785473925779997,23,0.5162212018372173,0.38200000000000034,True
35.798,16,82.994797,1.0,0.34707845797015785,20,0.5127368228929904,0.40400000000000036,True
35.793,16,83.12112,1.0,0.344978815854176,20,0.5075815345029241,0.41400000000000037,True
41.825,12,83.202843,1.0,0.3475511597949599,21,0.4960195422866873,0.3500000000000003,True
49.825,13,83.313105,1.0,0.34966662851544805,25,0.5280428943712485,0.3500000000000003,True
39.809,15,83.423102,1.0,0.34555517258871976,22,0.5222350008234415,0.38200000000000034,True
41.825,13,83.513286,1.0,0.3486297628977525,21,0.5047513855724154,0.3500000000000003,True
43.825,13,83.61168,1.0,0.3474971203553172,22,0.4900770920327131,0.3500000000000003,True
39.825,13,83.702663,1.0,0.3514312736141678,20,0.4938839557925067,0.3500000000000003,True
37.761,19,83.83908,1.0,0.3371438465596876,20,0.5298027381568423,0.4780000000000004,True
41.825,12,83.923215,1.0,0.3517862834216273,21,0.5141975448470606,0.3500000000000003,True
41.797,16,84.034454,1.0,0.3442952541272839,22,0.5338747220044746,0.40600000000000036,True
31.785,17,84.15049,1.0,0.34292582602700455,18,0.5112119375608078,0.4300000000000004,True
37.825,14,84.242741,1.0,0.3516261265022404,21,0.4932982287136215,0.3500000000000003,True
43.825,13,84.348794,1.0,0.3459184785915505,22,0.4854556214441196,0.3500000000000003,True
39.825,13,84.439337,1.0,0.35025874105629595,21,0.5157510388467605,0.3500000000000003,True
43.793,15,84.547641,1.0,0.34729865896599565,22,0.5180788409016168,0.41400000000000037,True
37.81,15,84.650428,1.0,0.35841360011045875,19,0.5005716780777032,0.38000000000000034,True
41.793,16,84.761367,1.0,0.34509016932635034,21,0.5115493617756673,0.41400000000000037,True
41.825,14,84.866507,1.0,0.3501791018093223,22,0.5112028536723865,0.3500000000000003,True
45.797,17,84.985961,1.0,0.33669548441623554,24,0.5374643170633624,0.40600000000000036,True
41.817,14,85.084416,1.0,0.3414860077871006,21,0.5101255903190695,0.3660000000000003,True
49.817,14,85.185151,1.0,0.34862429802679556,25,0.5021976591380755,0.3660000000000003,True
33.825,14,85.278672,1.0,0.35034184357088666,17,0.5100752065762322,0.3500000000000003,True
37.817,15,85.398325,1.0,0.35003778981689787,21,0.5014758094505226,0.3660000000000003,True
35.728,19,85.531598,1.0,0.34474223528641895,18,0.5236546464907953,0.5440000000000005,True
43.805,14,85.625512,1.0,0.34359951640761904,22,0.5168849632854531,0.39000000000000035,True
31.81,15,85.726616,1.0,0.3473732430328852,16,0.5030043725342296,0.38000000000000034,True
37.809,12,85.810641,1.0,0.35108573583172004,20,0.5169427858928042,0.38200000000000023,True
37.825,13,85.899107,1.0,0.35256648505247534,22,0.4912118615385983,0.3500000000000003,True
43.825,12,85.983878,1.0,0.3552202798656009,22,0.5031570697277906,0.3500000000000003,True
41.793,15,86.088185,1.0,0.34222432247151147,21,0.510028064807768,0.41400000000000037,True
37.813,14,86.180953,1.0,0.3489809937574041,19,0.5047342785933684,0.37400000000000033,True
41.809,14,86.275091,1.0,0.3494359465308604,21,0.5091839548480542,0.38200000000000034,True
45.797,14,86.372478,1.0,0.3435552435352043,23,0.515332494541905,0.40600000000000036,True
45.801,14,86.480629,1.0,0.34910268498776376,23,0.5192655537617165,0.39800000000000035,True
45.817,14,86.575462,1.0,0.35049205621984864,23,0.49861020990360494,0.3660000000000003,True
31.825,12,86.920186,1.0,0.35141920602181315,17,0.47663070995137863,0.3500000000000003,True
39.825,12,86.999627,1.0,0.3476619218578165,21,0.5032506383137627,0.3500000000000003,True
49.753,17,87.120233,1.0,0.33041046459277923,25,0.5434355754767856,0.49400000000000044,True
41.84,10,87.19108,0.953125,0.3821650479276905,23,0.49178219488059527,0.3200000000000002,True
39.809,14,87.285524,1.0,0.3470205107460639,21,0.5195578476346389,0.38200000000000034,True
33.809,14,87.381033,1.0,0.34841012614353506,18,0.5207751306394912,0.38200000000000034,True
35.777,15,87.491439,1.0,0.3392841542591551,19,0.5250273778587211,0.4460000000000004,True
43.809,12,87.574843,1.0,0.34577132606721156,23,0.5190788480273688,0.38200000000000023,True
29.825,14,87.687663,1.0,0.3552403729601239,17,0.5063785310880133,0.3500000000000003,True
33.789,15,87.853401,1.0,0.33966661226850403,19,0.5413543054415206,0.4220000000000004,True
39.813,13,87.981761,1.0,0.34702958798569344,20,0.5123766776945677,0.37400000000000033,True
43.781,14,88.121181,1.0,0.34396794103598016,22,0.5164186662628532,0.4380000000000003,True
43.865,9,88.207597,0.875,0.43266418270931534,22,0.4409816018565467,0.27000000000000024,True
39.809,12,88.321043,1.0,0.3447874832723091,20,0.5094244751178553,0.38200000000000023,True
43.825,11,88.426268,1.0,0.3515602473133829,23,0.4974476753172281,0.3500000000000002,True
41.84,10,88.53925,0.953125,0.37838268747603043,23,0.4749439240371085,0.3200000000000002,True
29.825,12,88.650419,1.0,0.3490414899728277,16,0.481809960128366,0.3500000000000003,True
41.809,13,88.780647,1.0,0.3501986613870492,22,0.5084134372191754,0.38200000000000034,True
37.781,16,88.936517,1.0,0.34254408574495054,19,0.5249616566267236,0.4380000000000004,True
41.797,15,89.108665,1.0,0.3449941005159961,22,0.5281756374704091,0.40600000000000036,True
43.757,18,89.294577,1.0,0.3321075262311885,23,0.5454887853018308,0.48600000000000043,True
43.825,13,89.442364,1.0,0.35143289730368993,22,0.4800276954287519,0.3500000000000003,True
39.825,14,89.618819,1.0,0.3456750072258451,22,0.4920118974166313,0.3500000000000003,True
43.809,15,89.794326,1.0,0.344824310443396,23,0.4869479364474353,0.38200000000000034,True
33.809,14,89.948728,1.0,0.3473647688403131,19,0.5042527967701678,0.38200000000000034,True
31.781,17,90.127397,1.0,0.3361168127294184,17,0.5283596085274421,0.4380000000000004,True
41.825,13,90.291138,1.0,0.3544951765024473,22,0.4831101661146061,0.3500000000000003,True
37.825,13,90.427382,1.0,0.34422931695067427,20,0.5041403232876226,0.3500000000000003,True
37.809,14,90.586072,1.0,0.34878921510312355,19,0.5163054991504727,0.38200000000000034,True
43.793,16,90.773182,1.0,0.34274990563994406,23,0.5196849841374169,0.41400000000000037,True
43.801,14,90.929434,1.0,0.3437574363612597,22,0.5190104380177567,0.39800000000000035,True
39.813,14,91.07751,1.0,0.34193202698177527,20,0.5152041395811756,0.37400000000000033,True
33.793,15,91.227216,1.0,0.33915637979260116,17,0.512361448945605,0.41400000000000037,True
41.825,14,91.369088,1.0,0.34912135220733487,22,0.4949232496146226,0.3500000000000003,True
37.825,13,91.520975,1.0,0.35247581748155354,19,0.5051449007622053,0.3500000000000003,True
37.765,17,91.72021,1.0,0.3440548326885027,20,0.4994435828160537,0.4700000000000004,True
39.793,15,91.91476,1.0,0.3367314721855268,20,0.49890639006713217,0.41400000000000037,True
41.825,12,92.025342,1.0,0.34812093495692287,22,0.5143600005182895,0.3500000000000003,True
45.825,13,92.118915,1.0,0.3542699499394141,24,0.5094358135958349,0.3500000000000003,True
43.813,12,92.19943,1.0,0.3432588467500517,25,0.5088093377797054,0.3740000000000002,True
35.809,14,92.291103,1.0,0.34573287538778374,18,0.4900455784329816,0.38200000000000034,True
41.813,15,92.394768,1.0,0.3498775915944162,23,0.5007914669132935,0.37400000000000033,True
39.813,15,92.502101,1.0,0.35090594116787377,21,0.5156000225720881,0.37400000000000033,True
37.793,15,92.607982,1.0,0.34538871489093403,19,0.511115152744877,0.41400000000000037,True
37.809,15,92.715257,1.0,0.3418462251379211,20,0.508535138093314,0.38200000000000034,True
31.793,16,92.825376,1.0,0.3449612467606515,17,0.5138821965713406,0.41400000000000037,True
43.825,13,92.935207,1.0,0.3488535419391188,23,0.5036238190235878,0.3500000000000003,True
41.825,13,93.022266,1.0,0.3533982234378083,21,0.5052645255791851,0.3500000000000003,True
41.825,13,93.12181,1.0,0.34984415754872544,22,0.5241984010301338,0.3500000000000003,True
41.797,15,93.219668,1.0,0.34541312535318486,23,0.5360576297541019,0.40600000000000036,True
37.805,15,93.324991,1.0,0.3512863113207719,20,0.5060552519738267,0.39000000000000035,True
35.825,13,93.410593,1.0,0.35061246358441744,19,0.49993098021405546,0.3500000000000003,True
43.84,10,93.47659,0.953125,0.3778403899844388,22,0.47278498866230073,0.3200000000000002,True
37.797,15,93.575383,1.0,0.34371055398653283,20,0.5187933300451337,0.40600000000000036,True
47.753,16,93.686925,1.0,0.33737461694840837,24,0.531382980319279,0.4940000000000003,True
47.733,18,93.833665,1.0,0.33357819425255364,24,0.5359642185303533,0.5340000000000005,True
33.785,16,93.967518,1.0,0.34497632326682526,17,0.5268196020768635,0.4300000000000004,True
39.785,16,94.085127,1.0,0.3390424842060248,20,0.527688620827423,0.4300000000000004,True
39.797,16,94.19625,1.0,0.343417866461014,22,0.529918619158142,0.40600000000000036,True
35.809,15,94.295348,1.0,0.3489353184995272,20,0.5216941746157854,0.38200000000000034,True
43.825,13,94.38817,1.0,0.35050082851776776,24,0.48613287926262305,0.3500000000000003,True
43.773,16,94.498687,1.0,0.34785484231323843,23,0.5213973834574622,0.4540000000000004,True
45.813,15,94.601126,1.0,0.35213245876180455,23,0.5142689163484532,0.37400000000000033,True
31.809,14,94.703193,1.0,0.3517840566724335,18,0.508055678697824,0.38200000000000034,True
31.825,13,94.792031,1.0,0.35439068703596743,20,0.5156582938302919,0.3500000000000003,True
39.782,17,94.907209,1.0,0.34123580591794267,21,0.5234425532691411,0.4360000000000004,True
39.781,16,95.034246,1.0,0.34591157879612555,21,0.49861962745869387,0.4380000000000004,True
39.813,15,95.142395,1.0,0.3467648965121599,20,0.5277396284991126,0.37400000000000033,True
37.785,16,95.252639,1.0,0.3490606572923937,20,0.5105349421018446,0.4300000000000004,True
39.813,15,95.354302,1.0,0.34816726891676464,21,0.5091453276398303,0.37400000000000033,True
39.825,13,95.442593,1.0,0.34723637625440007,21,0.5100843639429621,0.3500000000000003,True
31.813,15,95.54867,1.0,0.3488926313276664,19,0.5066886643922259,0.37400000000000033,True
37.794,16,95.664894,1.0,0.3475696939892772,20,0.5031382363042052,0.41200000000000037,True
37.801,16,95.77686,1.0,0.3423359198346169,19,0.5438234410914397,0.39800000000000035,True
43.733,20,95.913934,1.0,0.33654839199401865,23,0.4963246535470722,0.5340000000000005,True
41.777,17,96.045633,1.0,0.35000304068313437,21,0.5097181196494815,0.4460000000000004,True
41.809,14,96.148566,1.0,0.3495346451037513,21,0.528569634817014,0.38200000000000034,True
41.745,19,96.282496,1.0,0.3544869452651104,22,0.48380430953894493,0.5100000000000005,True
47.793,15,96.39368,1.0,0.3424608893910504,24,0.5344812752758078,0.41400000000000037,True
41.81,15,96.508263,1.0,0.35268655582898767,22,0.4933363478426741,0.38000000000000034,True
43.785,17,96.641461,1.0,0.34181829354330273,23,0.5081478956958645,0.4300000000000004,True
47.793,14,96.741282,1.0,0.3417631282591834,24,0.5321597705001163,0.41400000000000037,True
41.785,17,96.857516,1.0,0.3335430275968432,21,0.5314955166730561,0.4300000000000004,True
37.778,17,96.979259,1.0,0.34358239614971475,21,0.5234164836089993,0.4440000000000004,True
43.761,17,97.125032,1.0,0.33680468811254155,22,0.5382425567886152,0.4780000000000004,True
37.825,14,97.227434,1.0,0.34705049595652104,20,0.5127831245888708,0.3500000000000003,True
41.697,22,97.729119,1.0,0.34150894698254214,21,0.5442857675836194,0.6060000000000005,True
35.825,14,97.824424,1.0,0.35007655641177116,19,0.48332404810645707,0.3500000000000003,True
39.777,17,97.938601,1.0,0.3368798445093672,22,0.5358369864267247,0.4460000000000004,True
41.81,15,98.059603,1.0,0.348541301575484,21,0.4965894750598116,0.38000000000000034,True
33.765,18,98.182117,1.0,0.3352267540464795,18,0.5199769006800872,0.4700000000000004,True
41.794,16,98.294977,1.0,0.34969781772134345,22,0.5154106602919042,0.41200000000000037,True
39.697,21,98.431149,1.0,0.34325627316959095,20,0.5238573826994144,0.6060000000000005,True
41.773,18,98.548887,1.0,0.3363988049633261,23,0.5327177480598061,0.4540000000000004,True
33.753,18,98.670868,1.0,0.33854579124674344,18,0.5312765099753602,0.49400000000000044,True
43.782,17,98.788824,1.0,0.3450257518514547,22,0.53794975958343,0.4360000000000004,True
43.809,15,98.889806,1.0,0.34428700378776816,22,0.5147678860414249,0.38200000000000034,True
41.797,16,98.995431,1.0,0.34432096948277285,21,0.5193644102735785,0.40600000000000036,True
45.778,17,99.126142,1.0,0.34207641291282564,23,0.5290752635747604,0.4440000000000004,True
39.753,20,99.254146,1.0,0.33485725003437083,21,0.5200531652212972,0.49400000000000044,True
39.745,20,99.387742,1.0,0.34861147526771963,21,0.5164916886535053,0.5100000000000005,True
47.809,14,99.477861,1.0,0.3460751918677081,24,0.51788874809013,0.38200000000000034,True
39.758,19,99.600959,1.0,0.3402348057705072,21,0.5385705416067833,0.48400000000000043,True
41.734,20,99.747025,1.0,0.32909953395089797,22,0.5512022310093563,0.5320000000000005,True
43.766,18,99.863817,1.0,0.34409856988172266,22,0.5197926882970327,0.4680000000000004,True
41.781,17,99.993096,1.0,0.331714540575853,23,0.5099435108191954,0.4380000000000004,True
41.789,17,100.10659,1.0,0.34068529965186,22,0.5299803688807484,0.4220000000000004,True
45.72,20,100.257452,1.0,0.34572564483094126,23,0.5148829249558922,0.5600000000000005,True
39.797,16,100.364573,1.0,0.3374635143523089,21,0.5155245325101869,0.40600000000000036,True
43.781,17,100.477114,1.0,0.33851570705819034,22,0.5268964198160008,0.4380000000000004,True
33.825,13,100.563922,1.0,0.34892213870662847,19,0.49535715393608915,0.3500000000000003,True
43.825,14,100.657244,1.0,0.357190467033773,23,0.517767140792487,0.3500000000000003,True
29.797,16,100.758638,1.0,0.34703026104086143,15,0.522789296764234,0.40600000000000036,True
39.781,17,100.880606,1.0,0.3425866279264879,22,0.5082957891570381,0.4380000000000004,True
35.825,14,100.990125,1.0,0.3532293780807196,20,0.49526124441162794,0.3500000000000003,True
41.825,14,101.101855,1.0,0.34778147637652906,22,0.48198718818877795,0.3500000000000003,True
39.766,18,101.246654,1.0,0.34034642860801334,20,0.5310198927963218,0.4680000000000004,True
35.798,16,101.368467,1.0,0.348028501930804,20,0.5276053945878396,0.40400000000000036,True
33.801,16,101.486659,1.0,0.34660494910072354,19,0.5161729291195126,0.39800000000000035,True
39.809,14,101.586952,1.0,0.35093476606945645,20,0.5184372859798635,0.38200000000000034,True
39.781,17,101.697284,1.0,0.34322012383559525,22,0.5211757247324986,0.4380000000000004,True
41.781,17,101.814178,1.0,0.3388892018980241,21,0.5239290276925429,0.4380000000000004,True
41.825,13,101.909811,1.0,0.3464282273655749,21,0.4806036240536547,0.3500000000000003,True
39.741,19,102.097908,1.0,0.3382277921154482,20,0.490471835948018,0.5180000000000005,True
43.809,14,102.258116,1.0,0.34832171391163635,23,0.5173877665931884,0.38200000000000034,True
45.797,15,102.420614,1.0,0.34186511871972897,23,0.5236576899071321,0.40600000000000036,True
39.754,19,102.615914,1.0,0.3379746647875677,20,0.5107180537177857,0.49200000000000044,True
45.825,13,102.757139,1.0,0.3468787168506846,23,0.48834215224485267,0.3500000000000003,True
37.761,19,102.954369,1.0,0.3368872687077624,22,0.5237990982972472,0.4780000000000004,True
41.825,14,103.10903,1.0,0.3491690691459075,21,0.495961623484129,0.3500000000000003,True
33.81,15,103.276782,1.0,0.3491550940154077,19,0.502812657022838,0.38000000000000034,True
43.789,16,103.449517,1.0,0.35182212647983724,23,0.5046851634550897,0.4220000000000004,True
43.757,18,103.659649,1.0,0.3363757426227139,23,0.5209379446959931,0.48600000000000043,True
33.782,17,103.849487,1.0,0.34705986512470194,17,0.5228169412561074,0.4360000000000004,True
37.805,15,104.00324,1.0,0.3477640668346531,21,0.5196933397837662,0.39000000000000035,True
41.813,15,104.147856,1.0,0.3543325646538667,21,0.5086262083590094,0.37400000000000033,True
35.769,18,104.323171,1.0,0.33630410971327107,20,0.555757734290702,0.4620000000000004,True
45.813,15,104.495206,1.0,0.3460856022366797,23,0.4999998804395357,0.37400000000000033,True
37.794,16,104.652626,1.0,0.3457780899240012,20,0.4950607732349528,0.41200000000000037,True
43.765,18,104.827147,1.0,0.342770747877418,23,0.5677907841043799,0.4700000000000004,True
45.825,14,104.961884,1.0,0.35009701460252396,24,0.5158315150008451,0.3500000000000003,True
47.813,14,105.098019,1.0,0.3532448489595421,25,0.5237340606489327,0.37400000000000033,True
43.813,14,105.240623,1.0,0.34206746124416754,24,0.49171207012479357,0.37400000000000033,True
41.773,18,105.42383,1.0,0.3416266722048457,21,0.5410066709474117,0.4540000000000004,True
35.825,14,105.570711,1.0,0.35104720949867957,19,0.4915246212950086,0.3500000000000003,True
37.754,19,105.757399,1.0,0.33691657593168667,21,0.532630937209243,0.49200000000000044,True
39.825,14,105.933102,1.0,0.35243606580518,20,0.5034860083720494,0.3500000000000003,True
41.797,16,106.13572,1.0,0.3459166628428823,22,0.5222081941474251,0.40600000000000036,True
47.745,17,106.318349,1.0,0.3362219383847792,24,0.5129298014119178,0.5100000000000005,True
39.753,18,106.445894,1.0,0.3398137412012259,20,0.5283970728276478,0.49400000000000044,True
43.782,17,106.585605,1.0,0.3425707270470089,22,0.5195760247395701,0.4360000000000004,True
43.809,15,106.690324,1.0,0.3481960609713263,23,0.5140268550504519,0.38200000000000034,True
41.781,17,106.805251,1.0,0.34236138220452383,23,0.5209695070429311,0.4380000000000004,True
37.805,15,106.906664,1.0,0.35127294219181343,20,0.5187950964041412,0.39000000000000035,True
45.809,14,107.001196,1.0,0.34451409664358934,23,0.5177487826018797,0.38200000000000034,True
33.809,15,107.11106,1.0,0.3487844692682599,18,0.5191169891477078,0.38200000000000034,True
33.798,16,107.219775,1.0,0.34673830211013557,18,0.5285565905055299,0.40400000000000036,True
39.769,17,107.334912,1.0,0.3384591549137022,22,0.5196426678159713,0.4620000000000004,True
41.781,16,107.460229,1.0,0.3380703092750119,22,0.5237891766774034,0.4380000000000004,True
39.765,18,107.607012,1.0,0.3398184342356098,21,0.5332113094880199,0.4700000000000004,True
39.809,14,107.71913,1.0,0.34276136044334415,20,0.504985934277456,0.38200000000000034,True
41.749,18,107.859363,1.0,0.33589532938909034,22,0.5279084861421194,0.5020000000000004,True
37.769,17,108.340265,1.0,0.3407695025250981,20,0.4937868718653762,0.4620000000000004,True
35.741,19,108.489293,1.0,0.3385646599618508,19,0.5170510488264124,0.5180000000000005,True
41.805,15,108.586668,1.0,0.348807148239087,23,0.5155416572817897,0.39000000000000035,True
41.777,18,108.725615,1.0,0.3397643861798777,23,0.536836244583341,0.4460000000000004,True
29.785,17,108.840518,1.0,0.34597450433106913,17,0.5145047512020959,0.4300000000000004,True
37.802,16,108.952276,1.0,0.3508020062750724,20,0.4973327496026091,0.39600000000000035,True
35.825,14,109.047373,1.0,0.34792958978205524,19,0.49218810351236864,0.3500000000000003,True
35.805,13,109.130211,1.0,0.3542738805352781,20,0.5140905079193988,0.39000000000000035,True
47.781,16,109.234977,1.0,0.3396348170289959,24,0.5326439220791978,0.4380000000000004,True
41.769,18,109.351232,1.0,0.3400970187711117,21,0.5344761764561141,0.4620000000000004,True
47.794,16,109.474042,1.0,0.34799609809019705,25,0.48728087926279123,0.41200000000000037,True
37.797,16,109.608905,1.0,0.34233060994371367,21,0.5079898510581954,0.40600000000000036,True
37.645,26,109.801962,1.0,0.32935806786378874,20,0.5188327050212191,0.7100000000000006,True
33.81,15,109.904009,1.0,0.3534034697594168,18,0.501232285565425,0.38000000000000034,True
31.717,21,110.047342,1.0,0.3470678849632021,17,0.5064803401223948,0.5660000000000005,True
43.733,19,110.182044,1.0,0.34080260244469135,22,0.528353789668061,0.5340000000000005,True
33.721,20,110.32192,1.0,0.33303409420165225,18,0.5292673778094167,0.5580000000000005,True
49.809,14,110.416433,1.0,0.3450938578346989,25,0.4996320990344388,0.38200000000000034,True
41.741,20,110.555101,1.0,0.3401836205846174,22,0.48580624201583933,0.5180000000000005,True
37.793,17,110.677783,1.0,0.33860390092739834,20,0.5519763837321893,0.41400000000000037,True
41.777,16,110.801861,1.0,0.3424339433725073,21,0.5260245385312421,0.4460000000000004,True
37.777,16,110.945632,1.0,0.3400728527712547,20,0.5341816569029167,0.4460000000000004,True
37.765,17,111.072042,1.0,0.3349179838618569,20,0.5223892896746407,0.4700000000000004,True
23.778,17,111.216114,1.0,0.3458392631240114,14,0.5076445027728584,0.4440000000000004,True
35.817,14,111.318205,1.0,0.35066640108569863,21,0.5104260385327124,0.3660000000000003,True
31.825,14,111.43835,1.0,0.3513598875263555,18,0.5005391930442811,0.3500000000000003,True
39.825,14,111.547327,1.0,0.35113624618514183,22,0.49775850403593813,0.3500000000000003,True
29.737,19,111.67985,1.0,0.3360825470792841,17,0.5374028471338418,0.5260000000000005,True
37.813,14,111.792611,1.0,0.34660022574235305,20,0.5131241724774962,0.37400000000000033,True
37.794,16,111.898654,1.0,0.3469656940921215,21,0.5045146820642931,0.41200000000000037,True
43.765,17,112.014835,1.0,0.3374129978237982,23,0.54899328272248,0.4700000000000004,True
41.777,15,112.120396,1.0,0.34265654470743456,22,0.5304258205913961,0.4460000000000004,True
41.825,13,112.213129,1.0,0.35310382634543847,21,0.4915432937282017,0.3500000000000003,True
37.773,16,112.324974,1.0,0.3436686138871602,21,0.51554780371587,0.4540000000000004,True
33.809,15,112.424419,1.0,0.3457897515558758,18,0.5165059795339906,0.38200000000000034,True
37.789,17,112.544064,1.0,0.34213123282701774,20,0.511037423503944,0.4220000000000004,True
41.789,17,112.672565,1.0,0.3420932462344495,21,0.482529599037523,0.4220000000000004,True
45.825,14,112.783145,1.0,0.3534092063218524,23,0.5071015191333463,0.3500000000000003,True
39.793,14,112.890621,1.0,0.34600660053381826,21,0.5308107885039545,0.41400000000000037,True
45.745,19,113.026246,1.0,0.330973473236995,23,0.5243571445991962,0.5100000000000005,True
41.825,13,113.119749,1.0,0.3534528452036729,21,0.5009371990869697,0.3500000000000003,True
41.729,18,113.236979,1.0,0.3349172327878552,22,0.5202338973585433,0.5420000000000004,True
33.797,15,113.338151,1.0,0.3478464838316008,19,0.5011358272344663,0.40600000000000036,True
41.805,13,113.430948,1.0,0.3492333613477586,23,0.5146838276990949,0.39000000000000035,True
43.777,16,113.531798,1.0,0.33629942868644486,23,0.5324621517855453,0.4460000000000004,True
37.773,15,113.628306,1.0,0.3407895869659322,21,0.5488828619707489,0.4540000000000003,True
41.785,15,113.728229,1.0,0.33877535516925694,23,0.5281181403233137,0.4300000000000004,True
35.825,11,113.80241,1.0,0.3541403018239512,18,0.5021727944029112,0.3500000000000002,True
37.781,15,113.914112,1.0,0.34182758842920635,20,0.49237583699311493,0.4380000000000004,True
37.825,11,113.9868,1.0,0.35162788009977863,21,0.5052449091670475,0.3500000000000002,True
41.809,14,114.080427,1.0,0.34254579908734095,21,0.512342064975769,0.38200000000000034,True
43.809,12,114.163887,1.0,0.3505992119542879,23,0.5041528257885771,0.38200000000000023,True
41.773,16,114.265967,1.0,0.3377176991129732,21,0.5149585183615338,0.4540000000000004,True
43.765,15,114.360913,1.0,0.33220827712207357,23,0.5212928406545351,0.4700000000000003,True
33.765,16,114.462111,1.0,0.33686535850484106,18,0.5136559270248304,0.4700000000000004,True
35.809,13,114.551903,1.0,0.34166568366903083,20,0.5059228528890055,0.38200000000000034,True
41.785,15,114.648913,1.0,0.33911407276733085,21,0.5396230902523744,0.4300000000000004,True
35.741,18,114.757474,1.0,0.33674544768767667,19,0.5247767166957293,0.5180000000000005,True
39.809,12,114.835847,1.0,0.3422403272722679,20,0.5000761478961999,0.38200000000000023,True
37.809,12,114.927447,1.0,0.34784818589723254,19,0.49782440442687625,0.38200000000000023,True
35.725,18,115.047878,1.0,0.3327412378228475,19,0.5375706992185044,0.5500000000000004,True
37.769,17,115.162725,1.0,0.34214661557276815,20,0.5115290228926058,0.4620000000000004,True
47.825,13,115.248613,1.0,0.35204857036985093,25,0.5093275667198598,0.3500000000000003,True
43.825,13,115.336677,1.0,0.34869446884242483,23,0.5049880750078137,0.3500000000000003,True
43.793,14,115.438155,1.0,0.3417003175133934,23,0.5057557471704773,0.41400000000000037,True
41.809,13,115.530417,1.0,0.34984798600927464,22,0.5138747803435971,0.38200000000000034,True
37.809,13,115.619905,1.0,0.3508939292574544,20,0.5208366781760636,0.38200000000000034,True
37.825,14,115.720495,1.0,0.3535719626000673,20,0.5042300500281172,0.3500000000000003,True
45.825,12,115.806587,1.0,0.3501851911470619,23,0.5007903493379219,0.3500000000000003,True
43.825,13,115.917068,1.0,0.34750022530123037,23,0.5057594925612785,0.3500000000000003,True
35.825,13,116.005056,1.0,0.3528104914906141,18,0.48435322472968284,0.3500000000000003,True
47.813,12,116.096853,1.0,0.3472390512420311,24,0.4913673880857555,0.3740000000000002,True
37.793,16,116.203443,1.0,0.3470432857684873,19,0.5080425137352913,0.41400000000000037,True
37.825,12,116.280795,1.0,0.35043039082403815,20,0.47440148016251504,0.3500000000000003,True
41.809,12,116.404711,1.0,0.35121178153642996,23,0.517311913559814,0.38200000000000023,True
39.721,18,116.586155,1.0,0.3330014056044907,20,0.5192251324064242,0.5580000000000004,True
43.761,16,116.744791,1.0,0.33696586335790246,23,0.5594404713037285,0.4780000000000004,True
43.793,14,116.896855,1.0,0.33985561066710235,22,0.5189739961986519,0.41400000000000037,True
37.801,15,117.078224,1.0,0.33909990740163837,20,0.5275636042447038,0.39800000000000035,True
43.781,15,117.229665,1.0,0.3453725225790161,23,0.5131693529480874,0.4380000000000004,True
33.813,14,117.360463,1.0,0.35134596302115434,18,0.4981315760455161,0.37400000000000033,True
47.813,15,118.016187,1.0,0.34869728904559383,24,0.5108426380469097,0.37400000000000033,True
37.825,14,118.174845,1.0,0.35128574256292855,21,0.5054683249437709,0.3500000000000003,True
43.809,15,118.324406,1.0,0.3539036762925022,22,0.514911974956267,0.38200000000000034,True
43.749,18,118.491445,1.0,0.3336447961701713,22,0.5222440597964828,0.5020000000000004,True
43.825,14,118.631458,1.0,0.3502400405147038,22,0.48039028135965484,0.3500000000000003,True
45.809,14,118.771762,1.0,0.3436940446433254,24,0.517968826398362,0.38200000000000034,True
39.769,17,118.92809,1.0,0.337410177507262,22,0.5494841606876677,0.4620000000000004,True
35.794,16,119.085054,1.0,0.34639531732282647,20,0.5161733343772574,0.41200000000000037,True
43.797,16,119.251594,1.0,0.3434954904405805,22,0.5080825429942708,0.40600000000000036,True
39.813,15,119.397151,1.0,0.3452954195028696,20,0.49414059164535495,0.37400000000000033,True
43.813,13,119.533039,1.0,0.3472355768654275,22,0.5225946256062665,0.37400000000000033,True
41.801,16,119.699708,1.0,0.3411250199282233,21,0.5121583037541717,0.39800000000000035,True
41.781,16,119.855731,1.0,0.3409944397140029,22,0.5172662157357493,0.4380000000000004,True
41.825,14,120.004933,1.0,0.3514653513095304,21,0.5023052797977985,0.3500000000000003,True
39.825,13,120.162113,1.0,0.3566391256724844,21,0.5049599405616241,0.3500000000000003,True
45.825,13,120.316653,1.0,0.34978222484416477,23,0.4811254802736247,0.3500000000000003,True
33.797,16,120.496545,1.0,0.3433708247124888,18,0.5343041792304608,0.40600000000000036,True
39.809,15,120.611069,1.0,0.3487234426933147,21,0.5151870066363784,0.38200000000000034,True
35.777,17,120.732259,1.0,0.34245946597385835,18,0.5047357036577838,0.4460000000000004,True
43.741,18,120.861973,1.0,0.3384009609447207,23,0.5170301401199964,0.5180000000000005,True
45.785,16,120.985489,1.0,0.3458618205424253,23,0.5074427401646854,0.4300000000000004,True
41.777,16,121.103719,1.0,0.34235898173517143,23,0.5343621997438548,0.4460000000000004,True
41.809,14,121.203577,1.0,0.3494257677660169,22,0.5089195664604638,0.38200000000000034,True
35.782,17,121.351643,1.0,0.3442521622931221,19,0.5261561206013142,0.4360000000000004,True
41.801,16,121.475937,1.0,0.34237714318818835,23,0.538065753245166,0.39800000000000035,True
41.797,15,121.598173,1.0,0.34692395407660154,21,0.5405290727134271,0.40600000000000036,True
35.733,19,121.733155,1.0,0.33246961055339286,19,0.5430667626551158,0.5340000000000005,True
27.753,19,121.878248,1.0,0.33618456479484693,16,0.519399400340785,0.49400000000000044,True
23.825,14,121.978432,1.0,0.35231212731788597,17,0.49780548091141635,0.3500000000000003,True
37.809,15,122.101542,1.0,0.34047107603331717,20,0.4944947218628229,0.38200000000000034,True
29.825,14,122.194443,1.0,0.3539424749779626,17,0.5014145407539972,0.3500000000000003,True
39.773,17,122.308862,1.0,0.3455737179743664,21,0.49828158619890706,0.4540000000000004,True
35.797,15,122.422327,1.0,0.34099154555360234,20,0.5263199845461295,0.40600000000000036,True
41.825,14,122.519779,1.0,0.3464799265669518,21,0.5031986713236759,0.3500000000000003,True
39.825,14,122.618718,1.0,0.3498898240557306,21,0.5082803928920918,0.3500000000000003,True
43.773,16,122.726086,1.0,0.339139528966626,23,0.5254697405134429,0.4540000000000004,True
41.777,17,122.842032,1.0,0.33789234712685984,22,0.5512032156986696,0.4460000000000004,True
39.825,14,122.941489,1.0,0.35626534676486904,20,0.49417499211725324,0.3500000000000003,True
41.781,15,123.045743,1.0,0.34062122741931367,23,0.5326542463780735,0.4380000000000004,True
33.825,13,123.138054,1.0,0.3505583670037784,19,0.5019293811207939,0.3500000000000003,True
45.782,17,123.269184,1.0,0.3498728768874233,23,0.531333748712665,0.4360000000000004,True
43.809,15,123.402128,1.0,0.34309510405055743,22,0.5136515795838418,0.38200000000000034,True
41.737,18,123.537911,1.0,0.33561453340233904,21,0.5362107739260085,0.5260000000000005,True
43.793,15,123.638468,1.0,0.3455616432772338,22,0.5056461024737359,0.41400000000000037,True
37.781,17,123.759227,1.0,0.3465451690329029,19,0.5090884711304098,0.4380000000000004,True
43.797,15,123.86062,1.0,0.34036976606688696,22,0.5284237421461078,0.40600000000000036,True
35.809,15,123.960665,1.0,0.3481206845725652,20,0.5286264965813403,0.38200000000000034,True
43.797,15,124.061757,1.0,0.34793371270961304,23,0.518361743692629,0.40600000000000036,True
29.825,13,124.156761,1.0,0.3503461477236957,18,0.5100981146793092,0.3500000000000003,True
41.825,13,124.244252,1.0,0.3452603661117954,21,0.4865820638748811,0.3500000000000003,True
39.825,14,124.339773,1.0,0.35330063563061026,21,0.5054233398053052,0.3500000000000003,True
47.809,13,124.442391,1.0,0.34907410691252827,25,0.5137208214507913,0.38200000000000034,True
41.801,15,124.538155,1.0,0.34438882674331317,21,0.5036655100330899,0.39800000000000035,True
33.797,16,124.641535,1.0,0.3444257550676435,18,0.5207319320611954,0.40600000000000036,True
41.765,16,124.748322,1.0,0.3395480330779269,24,0.5190834889964097,0.4700000000000004,True
39.809,13,124.835902,1.0,0.3482310836681392,20,0.5053461050033963,0.38200000000000034,True
45.813,14,124.930394,1.0,0.34610061269836945,23,0.5149339725773122,0.37400000000000033,True
41.778,17,125.040483,1.0,0.342386333655445,22,0.5009947839338278,0.4440000000000004,True
41.749,18,125.159145,1.0,0.3377691013244208,22,0.5140390766939015,0.5020000000000004,True
31.825,14,125.253872,1.0,0.35566353637391707,18,0.5061166199321115,0.3500000000000003,True
41.777,16,125.364372,1.0,0.3441626388784703,22,0.49233644306324337,0.4460000000000004,True
41.781,16,125.477912,1.0,0.3379397579478721,21,0.5126932202216594,0.4380000000000004,True
39.825,13,125.564735,1.0,0.3525405052942889,21,0.48783245854401025,0.3500000000000003,True
33.793,15,125.665861,1.0,0.3407049919744222,19,0.5292916109546006,0.41400000000000037,True
43.749,18,125.781237,1.0,0.3412881344414408,22,0.5010469345842015,0.5020000000000004,True
39.785,16,125.890489,1.0,0.3441287643667916,22,0.510004099736247,0.4300000000000004,True
35.793,15,125.992066,1.0,0.3481382454822187,20,0.4999653668551047,0.41400000000000037,True
39.789,16,126.108818,1.0,0.34768394610218784,21,0.5287161955238717,0.4220000000000004,True
41.813,15,126.221105,1.0,0.3431232179330248,22,0.5144483180770132,0.37400000000000033,True
49.797,15,126.330086,1.0,0.344252696394998,26,0.5277526140758784,0.40600000000000036,True
37.793,15,126.429381,1.0,0.34380826750374965,22,0.5087071306778908,0.41400000000000037,True
43.773,16,126.563315,1.0,0.33676102851003653,22,0.5216859163012024,0.4540000000000004,True
39.797,16,126.67689,1.0,0.34407242275718436,21,0.5385461861228233,0.40600000000000036,True
39.797,16,126.784485,1.0,0.3421387650674625,20,0.5091071834663136,0.40600000000000036,True
41.761,16,126.887659,1.0,0.3381646865237151,21,0.4989357921333789,0.4780000000000004,True
45.809,14,126.984971,1.0,0.34769837465730996,24,0.4963014032188466,0.38200000000000034,True
35.809,15,127.09235,1.0,0.3480420015464827,20,0.5063677098933815,0.38200000000000034,True
47.765,17,127.205507,1.0,0.3399090383956203,25,0.5537878638307462,0.4700000000000004,True
39.809,15,127.319676,1.0,0.35092637752333733,22,0.5000284933613904,0.38200000000000034,True
41.825,13,127.424593,1.0,0.35314058674554105,21,0.49352459713697516,0.3500000000000003,True
37.781,17,127.568264,1.0,0.3417255911502048,21,0.5156878457873795,0.4380000000000004,True
37.781,16,127.682075,1.0,0.3390393189682078,20,0.5370928403535442,0.4380000000000004,True
